date,open,close,high,low,volume,money
2011/4/22,20.8,19.32,20.86,19.21,9982644,200458928
2011/4/25,19.1,19.31,19.98,18.28,5288703,99662888
2011/4/26,18.59,18.56,18.97,18.4,2030174,37801192
2011/4/27,18.5,18.15,18.75,18.1,1844948,33952180
2011/4/28,18.1,17.39,18.24,17.32,1963673,34925728
2011/4/29,17.36,17.49,17.61,17.36,825209,14411302
2011/5/3,17.68,17.61,17.69,17.41,532183,9332533
2011/5/4,17.5,17.32,17.62,17.3,736478,12819766
2011/5/5,17.21,17.25,17.37,17.09,538486,9259670
2011/5/6,17.29,17.26,17.33,17.1,466471,8044642
2011/5/9,17.26,17.43,17.64,17.25,481750,8414215
2011/5/10,17.45,17.47,17.48,17.33,338135,5884602
2011/5/11,17.5,17.69,17.77,17.25,870360,15212333
2011/5/12,17.55,17.66,17.97,17.4,1412976,25067144
2011/5/13,17.56,18.3,18.4,17.56,1389387,24908200
2011/5/16,18.1,18.15,18.32,17.93,1208729,21929742
2011/5/17,18.28,17.99,18.35,17.77,1129247,20357448
2011/5/18,17.92,18.1,18.24,17.92,926778,16768632
2011/5/19,18.1,17.87,18.14,17.8,761517,13656757
2011/5/20,17.87,17.48,17.94,17.46,695420,12269456
2011/5/23,17.51,17.22,17.63,17.2,560770,9735204
2011/5/24,17.25,17.29,17.35,17.03,463306,7979728
2011/5/25,17.23,17.11,17.43,17.1,313301,5395736
2011/5/26,17.06,17.36,17.41,17.06,626907,10838352
2011/5/27,17.23,17.22,17.44,17.1,456743,7876474
2011/5/30,17.22,17.22,17.22,17.22,0,0
2011/5/31,17.18,17.49,17.54,17.11,548133,9509749
2011/6/1,17.49,18.02,18.05,17.38,1325143,23573286
2011/6/2,17.69,18.11,18.25,17.67,2416781,43686024
2011/6/3,18.2,17.93,18.32,17.82,2262950,40758200
2011/6/7,17.72,17.39,17.74,17.26,1251449,21805200
2011/6/8,17.31,17.4,17.44,17.2,663707,11476904
2011/6/9,17.39,17.05,17.44,17.03,667911,11483589
2011/6/10,17.08,16.71,17.2,16.5,852127,14330985
2011/6/13,16.71,16.5,16.71,16.4,363841,5999648
2011/6/14,16.47,16.67,16.7,16.47,297474,4951353
2011/6/15,16.62,16.77,16.97,16.6,421074,7084320
2011/6/16,16.68,16.54,16.72,16.5,295477,4899392
2011/6/17,16.54,16.74,16.9,16.48,614028,10268821
2011/6/20,16.7,16.79,17.12,16.66,387739,6509278
2011/6/21,16.7,16.7,16.84,16.49,359804,5988337
2011/6/22,16.75,16.79,16.81,16.42,366700,6088359
2011/6/23,17.17,16.97,17.17,16.74,763180,12926602
2011/6/24,16.84,17.16,17.27,16.84,1121736,19163738
2011/6/27,17.14,17.34,17.51,17.09,895738,15524289
2011/6/28,17.34,17.36,17.42,17.19,605436,10468419
2011/6/29,17.35,17.21,17.4,17.2,470624,8125092
2011/6/30,17.26,17.45,17.65,17.09,1945345,33925384
2011/7/1,17.36,17.31,17.49,17.27,641301,11136489
2011/7/4,17.33,17.53,17.6,17.31,1075552,18784448
2011/7/5,17.53,17.52,17.61,17.42,729150,12760160
2011/7/6,17.55,17.6,17.63,17.32,1009772,17681936
2011/7/7,17.61,17.74,18.14,17.51,1958477,34986236
2011/7/8,17.7,17.76,18.09,17.63,1161592,20758650
2011/7/11,17.7,17.82,17.85,17.56,695241,12333882
2011/7/12,17.65,17.29,17.72,17.27,933639,16288235
2011/7/13,17.25,17.71,17.74,17.25,826389,14492982
2011/7/14,17.99,17.83,17.99,17.6,753218,13380894
2011/7/15,17.8,18.01,18.1,17.77,1079841,19434888
2011/7/18,18.05,17.98,18.16,17.9,1035911,18692298
2011/7/19,17.91,17.57,17.91,17.51,689861,12178539
2011/7/20,17.66,17.62,17.74,17.47,382110,6725773
2011/7/21,17.58,17.57,17.69,17.43,407457,7163989
2011/7/22,17.56,17.34,17.66,17.3,879735,15328925
2011/7/25,17.3,16.68,17.47,16.64,1101906,18748738
2011/7/26,16.62,16.6,16.85,16.5,1011481,16791538
2011/7/27,16.65,16.9,16.96,16.52,1222146,20493436
2011/7/28,16.82,16.89,16.99,16.66,675904,11357285
2011/7/29,17,16.94,17.26,16.9,1175938,20058362
2011/8/1,16.9,17.13,17.17,16.7,2040798,34461516
2011/8/2,16.98,17,17.08,16.55,1339081,22517698
2011/8/3,16.84,17.6,17.93,16.75,3624249,63595476
2011/8/4,17.58,17.31,17.69,17.26,1803566,31396524
2011/8/5,16.88,16.83,17.09,16.6,1185677,20052716
2011/8/8,16.66,15.89,16.96,15.53,1461157,23749218
2011/8/9,15.49,15.86,15.98,15.22,882614,13764948
2011/8/10,16.05,15.98,16.34,15.94,789532,12740164
2011/8/11,15.6,16.12,16.21,15.52,941275,15028940
2011/8/12,16.23,16.19,16.35,16.1,1186833,19243150
2011/8/15,16.19,16.41,16.43,16.16,952717,15516069
2011/8/16,16.32,16.3,16.47,16.23,630970,10301772
2011/8/17,16.26,16.29,16.4,16.24,700264,11423638
2011/8/18,16.29,15.88,16.29,15.88,842880,13554365
2011/8/19,15.51,15.7,15.8,15.45,698750,10950508
2011/8/22,15.7,15.8,15.92,15.7,400164,6333502
2011/8/23,15.9,16.2,16.29,15.83,666412,10729783
2011/8/24,16.29,16.12,16.45,16.11,809689,13179774
2011/8/25,16.2,16.28,16.32,16.13,1010042,16382159
2011/8/26,16.25,16.38,16.42,16.2,728966,11920485
2011/8/29,16.3,16.26,16.4,16.25,556519,9094490
2011/8/30,16.37,16.04,16.4,16.03,557681,9064085
2011/8/31,16.07,15.98,16.12,15.85,356772,5703331
2011/9/1,16.08,16.01,16.16,15.93,352440,5653715
2011/9/2,16.05,15.89,16.07,15.83,305785,4862534
2011/9/5,15.85,15.7,15.88,15.69,540205,8512933
2011/9/6,15.6,15.71,15.8,15.54,428301,6709750
2011/9/7,15.79,15.98,15.98,15.7,270642,4296744
2011/9/8,16,15.75,16.02,15.71,268864,4268409
2011/9/9,15.84,15.72,15.87,15.72,202035,3186564
2011/9/13,15.6,15.61,15.7,15.5,419668,6552370
2011/9/14,15.69,15.74,15.74,15.56,242817,3795108
2011/9/15,15.73,16.35,16.43,15.7,2248082,36263432
2011/9/16,16.31,16.25,16.44,16.16,2612326,42627996
2011/9/19,16.1,15.52,16.1,15.52,957459,15007108
2011/9/20,15.51,15.48,15.64,15.42,451095,6989901
2011/9/21,15.55,15.74,15.8,15.28,755792,11792118
2011/9/22,15.61,15.32,15.65,15.32,630400,9760654
2011/9/23,15.23,15.22,15.35,15.08,317979,4833514
2011/9/26,15.17,15.1,15.3,15.1,248717,3772660
2011/9/27,15.17,15.14,15.25,15.05,258979,3924624
2011/9/28,15.25,15.05,15.28,15.03,216100,3274395
2011/9/29,15.05,14.81,15.1,14.8,295128,4407948
2011/9/30,14.9,14.84,14.94,14.75,145473,2157623
2011/10/10,14.97,14.78,14.97,14.77,107140,1588037
2011/10/11,14.95,14.93,15.3,14.76,246497,3694161
2011/10/12,14.8,15.23,15.27,14.8,459812,6964229
2011/10/13,15.27,15.27,15.37,15.17,477417,7284490
2011/10/14,15.25,15.11,15.27,15.01,285446,4313442
2011/10/17,15.14,15.19,15.31,15.12,280369,4265381
2011/10/18,15.19,15.19,15.19,15.19,0,0
2011/10/19,14.92,14.86,15.06,14.82,317129,4731734
2011/10/20,14.84,14.49,14.89,14.47,321526,4700205
2011/10/21,14.55,14.42,14.55,14.41,116301,1683674
2011/10/24,14.43,14.51,14.51,14.02,310861,4444305
2011/10/25,14.55,14.78,14.82,14.45,324130,4762311
2011/10/26,14.65,15.07,15.25,14.65,822262,12411977
2011/10/27,15.09,14.76,15.19,14.76,643456,9637694
2011/10/28,14.96,15.14,15.19,14.89,696640,10502187
2011/10/31,15.16,15.21,15.22,15.03,555995,8406609
2011/11/1,15.12,15.23,15.25,15,635794,9631424
2011/11/2,14.98,15.4,15.48,14.92,907962,13870795
2011/11/3,15.43,15.39,15.63,15.36,1399474,21717926
2011/11/4,15.44,15.29,15.49,15.21,731649,11233037
2011/11/7,15.23,15.71,15.88,15.2,1298866,20248832
2011/11/8,15.8,16.21,16.87,15.8,4142534,67864896
2011/11/9,16.05,16.08,16.15,15.69,2331216,37076256
2011/11/10,15.85,15.7,15.95,15.64,1272498,20071534
2011/11/11,15.7,15.69,16.08,15.6,671639,10586039
2011/11/14,15.87,15.89,15.94,15.73,1002176,15887116
2011/11/15,15.85,15.99,16.01,15.7,1055301,16744955
2011/11/16,15.95,15.39,15.95,15.33,888261,13862579
2011/11/17,15.47,15.43,15.6,15.36,460398,7117186
2011/11/18,15.35,14.93,15.4,14.92,533450,8070635
2011/11/21,14.94,15.03,15.15,14.87,197418,2951869
2011/11/22,14.98,15.16,15.16,14.88,321153,4823168
2011/11/23,15.25,15.16,15.3,15.04,327603,4975903
2011/11/24,15.12,15.25,15.49,14.89,531429,8099752
2011/11/25,15.3,15.63,15.95,15.25,1697170,26605606
2011/11/28,15.69,15.4,15.69,15.36,792063,12285906
2011/11/29,15.5,15.69,15.79,15.3,800273,12454218
2011/11/30,15.6,14.85,15.79,14.75,999748,15197328
2011/12/1,15.23,15.02,15.29,14.96,657032,9935936
2011/12/2,15,14.74,15.19,14.68,393341,5837454
2011/12/5,14.69,14.39,14.75,14.38,306570,4443446
2011/12/6,14.43,14.41,14.49,14.19,316764,4537839
2011/12/7,14.41,14.4,14.48,14.29,187134,2695138
2011/12/8,14.32,14.62,14.99,14.22,596502,8721145
2011/12/9,14.44,14.37,14.79,14.37,400540,5837300
2011/12/12,14.74,14.37,14.74,14.25,293180,4235914
2011/12/13,14.25,14.03,14.34,14,460438,6485339
2011/12/14,14.03,13.86,14.15,13.77,306573,4274156
2011/12/15,13.8,13.73,14.25,13.67,402412,5612436
2011/12/16,13.78,14,14.06,13.62,521303,7209106
2011/12/19,13.95,13.84,13.95,13.52,442776,6076692
2011/12/20,13.8,13.7,14,13.7,373254,5181615
2011/12/21,13.82,13.5,13.99,13.5,311760,4305455
2011/12/22,13.42,13.06,13.5,12.81,354588,4646273
2011/12/23,13.08,13.14,13.23,13.01,233859,3069490
2011/12/26,13.14,12.96,13.18,12.96,151300,1975325
2011/12/27,12.81,12.38,12.95,12.31,256001,3232230
2011/12/28,12.22,12.2,12.3,11.9,317967,3834403
2011/12/29,12.2,12.15,12.28,12.09,107164,1306054
2011/12/30,12.15,12.27,12.34,12.15,133729,1639720
2012/1/4,12.42,12.07,12.5,12.06,184949,2285381
2012/1/5,12.03,11.36,12.06,11.1,229392,2686107
2012/1/6,11.2,11.3,11.36,11.11,169149,1900520
2012/1/9,11.28,11.71,11.72,11.2,160738,1859930
2012/1/10,11.6,12.15,12.19,11.6,285945,3425996
2012/1/11,12.13,12.18,12.3,12,277266,3369351
2012/1/12,12.08,12.17,12.28,12,261800,3192695
2012/1/13,12.19,11.6,12.25,11.6,206500,2443394
2012/1/16,11.56,11.29,11.56,11.28,135280,1542509
2012/1/17,11.2,11.8,11.8,11.2,197369,2281158
2012/1/18,11.77,11.6,12.05,11.51,231300,2722237
2012/1/19,11.69,11.69,11.72,11.61,134225,1567998
2012/1/20,11.74,11.85,11.87,11.69,159161,1880146
2012/1/30,11.95,11.79,11.95,11.68,131229,1552341
2012/1/31,11.71,11.71,11.8,11.52,83581,976086
2012/2/1,11.64,11.71,11.81,11.64,137085,1607825
2012/2/2,11.8,11.95,11.96,11.73,194209,2300131
2012/2/3,11.88,12.12,12.15,11.86,208019,2503427
2012/2/6,12.1,12.15,12.19,12.07,210922,2556919
2012/2/7,12.2,13.2,13.28,11.93,1560085,19639052
2012/2/8,12.8,13.62,13.97,12.7,3190258,42741660
2012/2/9,13.3,13.3,13.53,13.06,1737260,23077470
2012/2/10,13.16,13.18,13.38,13.11,885854,11710829
2012/2/13,13.11,13.28,13.36,13.03,923534,12178500
2012/2/14,13.3,13.17,13.3,13.01,529906,6956706
2012/2/15,13.07,13.22,13.27,13.07,610936,8067780
2012/2/16,13.28,13.4,13.73,13.28,1296898,17508914
2012/2/17,13.36,13.17,13.45,13.05,524856,6936373
2012/2/20,13.35,13.22,13.35,13.15,438199,5788590
2012/2/21,13.22,13.26,13.31,13.01,400366,5279246
2012/2/22,13.27,13.45,13.48,13.1,802544,10737583
2012/2/23,13.4,13.51,13.56,13.28,931645,12535992
2012/2/24,13.62,13.56,13.79,13.52,878886,11988093
2012/2/27,13.52,13.55,13.76,13.52,757393,10338784
2012/2/28,13.51,13.23,13.51,13.1,667938,8852912
2012/2/29,13.36,13.3,13.65,13.23,713788,9592811
2012/3/1,13.18,13.24,13.35,13.18,357720,4742425
2012/3/2,13.22,13.4,13.41,13.22,429544,5730227
2012/3/5,13.4,13.65,13.75,13.39,907002,12318182
2012/3/6,13.68,13.91,14.13,13.51,1750996,24190410
2012/3/7,13.73,13.51,13.87,13.5,1062008,14556170
2012/3/8,13.5,13.7,13.74,13.41,621315,8432190
2012/3/9,13.71,13.84,13.85,13.58,869547,11942807
2012/3/12,13.88,13.89,14.03,13.76,630217,8750801
2012/3/13,13.98,14,14.04,13.82,633877,8823045
2012/3/14,14.01,13.9,14.36,13.59,1670280,23387568
2012/3/15,13.86,14.45,14.68,13.64,3277001,47194176
2012/3/16,14.6,14.62,14.69,14.2,2218772,31966902
2012/3/19,14.58,14.55,14.58,14.32,1271570,18431516
2012/3/20,14.56,13.96,14.59,13.9,1420942,20082698
2012/3/21,13.96,14.27,14.38,13.82,1121415,15786615
2012/3/22,14.21,14.02,14.21,13.9,401498,5635827
2012/3/23,13.99,13.89,14.13,13.84,533299,7422341
2012/3/26,13.89,13.83,13.99,13.76,286343,3968412
2012/3/27,13.96,14.31,14.35,13.86,989591,14065688
2012/3/28,14.28,13.5,14.28,13.5,1159401,15897415
2012/3/29,13.32,13.14,13.49,13.03,397238,5247592
2012/3/30,13.09,12.81,13.27,12.77,558935,7245720
2012/4/5,12.84,14.09,14.09,12.84,1275173,17814746
2012/4/6,14.99,14.84,15,14.27,4361782,64446412
2012/4/9,14.74,14.41,14.75,14.35,2078641,30184384
2012/4/10,14.24,14.54,14.54,14.04,1330791,19023038
2012/4/11,14.3,14.74,14.83,14.19,1706285,24960190
2012/4/12,14.72,14.63,14.81,14.39,1360639,19823480
2012/4/13,14.55,14.78,14.79,14.45,1350078,19796986
2012/4/16,14.61,14.48,15,14.45,1517861,22282858
2012/4/17,14.51,14.31,14.69,14.25,718347,10323494
2012/4/18,14.31,14.38,14.52,14.31,811573,11703678
2012/4/19,14.33,14.4,14.51,14.24,347250,4993214
2012/4/20,14.31,14.36,14.49,14.3,568823,8183359
2012/4/23,14.25,13.7,14.38,13.6,1109134,15355004
2012/4/24,13.51,13.84,13.9,13.3,613187,8347935
2012/4/25,13.51,14.09,14.25,13.45,1064134,14882868
2012/4/26,14.08,13.63,14.1,13.59,737472,10162382
2012/4/27,13.75,13.51,13.75,13.35,311639,4208564
2012/5/2,13.71,13.51,13.84,13.49,377966,5121804
2012/5/3,13.52,13.49,13.6,13.37,322138,4339042
2012/5/4,13.54,13.64,13.64,13.47,371704,5038351
2012/5/7,13.6,13.76,13.77,13.54,421943,5776081
2012/5/8,13.76,13.69,13.83,13.66,363495,4989279
2012/5/9,13.69,13.26,13.69,13.26,464847,6229749
2012/5/10,13.24,13.32,13.41,13.24,316650,4220432
2012/5/11,13.4,13.36,13.44,13.27,224038,2994311
2012/5/14,13.49,13.36,13.54,13.34,433400,5831642
2012/5/15,13.36,13.36,13.36,13.36,0,0
2012/5/16,13.36,13.24,13.45,13.24,300109,3992585
2012/5/17,13.24,13.39,13.43,13.22,321059,4284101
2012/5/18,13.35,13.88,13.98,13.26,829570,11343318
2012/5/21,13.87,13.93,14.06,13.65,1391423,19372950
2012/5/22,13.85,13.83,14,13.66,635529,8771003
2012/5/23,13.88,13.87,14.1,13.75,626000,8722265
2012/5/24,13.89,13.73,14.08,13.68,678899,9443486
2012/5/25,13.72,13.3,13.84,13.29,551939,7434219
2012/5/28,13.29,13.07,13.29,12.78,571357,7403229
2012/5/29,13.11,13.31,13.33,13.01,400875,5298134
2012/5/30,13.37,13.4,13.5,13.25,467059,6233855
2012/5/31,13.35,13.6,13.6,13.3,823332,11117270
2012/6/1,13.6,13.2,13.85,13.2,897966,12069394
2012/6/4,12.98,12.86,13.08,12.8,528623,6811451
2012/6/5,12.86,12.85,12.96,12.8,208090,2672024
2012/6/6,12.85,12.88,12.95,12.81,148619,1910066
2012/6/7,12.85,13.06,13.08,12.85,289577,3758284
2012/6/8,13.18,14.29,14.3,13.06,2537602,34540956
2012/6/11,14.01,13.96,14.18,13.78,2715688,38139740
2012/6/12,13.77,13.71,13.8,13.55,862351,11762805
2012/6/13,13.83,13.68,13.96,13.5,649219,8894055
2012/6/14,13.74,13.61,13.94,13.61,689564,9494213
2012/6/15,13.58,13.37,13.79,13.28,627959,8440055
2012/6/18,13.37,13.45,13.54,13.37,325561,4370400
2012/6/19,13.44,13.58,13.7,13.44,439354,5977424
2012/6/20,13.6,13.62,13.67,13.53,384249,5226680
2012/6/21,13.58,13.65,13.79,13.43,700555,9552443
2012/6/25,13.52,13.85,14.09,13.52,1553268,21507304
2012/6/26,13.75,13.05,13.75,12.49,785744,10207923
2012/6/27,13.1,12.82,13.1,12.74,312769,4036204
2012/6/28,12.99,12.88,13.29,12.87,450176,5853936
2012/6/29,12.62,12.9,12.95,12.59,437432,5584622
2012/7/2,12.9,12.9,13.05,12.88,340134,4401984
2012/7/3,12.92,13.07,13.14,12.85,298965,3893892
2012/7/4,13.1,13,13.17,12.96,196392,2562283
2012/7/5,13.09,12.87,13.2,12.8,272521,3521813
2012/7/6,12.94,12.99,13.09,12.8,294237,3801721
2012/7/9,12.83,12.58,12.99,12.5,260770,3333314
2012/7/10,12.87,12.75,12.87,12.59,167049,2132123
2012/7/11,12.82,12.79,12.82,12.63,244384,3115658
2012/7/12,12.7,12.8,12.93,12.64,222801,2845651
2012/7/13,12.66,12.7,12.88,12.66,154535,1968200
2012/7/16,12.7,12.72,13.17,12.49,1117787,14406820
2012/7/17,12.54,12.61,12.7,12.5,334742,4210600
2012/7/18,12.51,12.58,12.64,12.5,103597,1302394
2012/7/19,12.64,12.7,12.74,12.52,157179,1988689
2012/7/20,12.7,12.63,12.82,12.63,135700,1726989
2012/7/23,12.58,12.58,12.72,12.5,187580,2358149
2012/7/24,12.51,12.7,12.81,12.51,189448,2403954
2012/7/25,12.78,12.64,12.78,12.63,85339,1081859
2012/7/26,12.51,12.6,12.8,12.51,81160,1026772
2012/7/27,12.56,12.55,12.65,12.51,81505,1023552
2012/7/30,12.52,12.5,12.7,12.5,119591,1500022
2012/7/31,12.43,11.74,12.43,11.56,197869,2332922
2012/8/1,11.71,11.86,11.97,11.71,71400,846830
2012/8/2,11.87,11.62,11.87,11.3,121700,1417040
2012/8/3,11.62,11.74,11.76,11.52,98499,1145389
2012/8/6,11.69,11.9,11.91,11.67,160600,1896143
2012/8/7,11.84,11.94,12.09,11.84,157743,1887010
2012/8/8,11.94,11.98,12.14,11.82,171452,2064220
2012/8/9,11.89,12.2,12.37,11.89,191148,2327919
2012/8/10,12.22,12.09,12.3,12.05,244173,2959958
2012/8/13,12.15,11.94,12.15,11.9,100510,1207338
2012/8/14,11.85,12,12.28,11.85,85698,1023621
2012/8/15,11.83,11.98,12.01,11.8,110098,1315488
2012/8/16,11.98,11.98,12.04,11.96,62950,755592
2012/8/17,11.95,12.01,12.03,11.84,66500,797595
2012/8/20,12.04,12.9,12.96,11.85,1053580,13194690
2012/8/21,12.75,12.68,13.12,12.57,1932558,24820070
2012/8/22,12.69,12.38,12.75,12.28,772612,9564340
2012/8/23,12.4,12.37,12.4,12.17,378363,4650778
2012/8/24,12.26,12.15,12.46,12.13,288491,3550680
2012/8/27,12.29,11.83,12.29,11.81,210788,2528297
2012/8/28,11.82,11.97,12.2,11.81,238908,2872342
2012/8/29,11.9,11.93,12.05,11.9,209059,2504035
2012/8/30,11.85,11.63,11.96,11.62,245300,2886235
2012/8/31,11.7,11.71,11.74,11.63,126441,1474068
2012/9/3,11.68,11.8,11.94,11.68,220653,2619888
2012/9/4,11.88,11.86,11.9,11.8,138700,1641985
2012/9/5,11.96,12.08,12.18,11.78,331571,3985077
2012/9/6,12.18,12.1,12.2,12.03,179665,2174856
2012/9/7,12.14,12.35,12.53,12.1,487724,6021024
2012/9/10,12.35,12.4,12.46,12.28,334705,4148251
2012/9/11,12.38,12.44,12.45,12.27,167376,2064585
2012/9/12,12.46,12.43,12.51,12.32,172962,2146732
2012/9/13,12.48,12.35,12.53,12.29,166450,2063707
2012/9/14,12.25,12.35,12.67,12.22,251696,3128002
2012/9/17,12.35,12.23,12.49,12.2,194698,2400630
2012/9/18,12.29,12.25,12.44,12.15,150955,1856149
2012/9/19,12.39,12.25,12.39,12.21,65870,807906
2012/9/20,12.23,12,12.29,12,157701,1909646
2012/9/21,11.92,12,12.35,11.92,120659,1462668
2012/9/24,11.9,11.98,12.07,11.9,94949,1140217
2012/9/25,11.9,12.05,12.11,11.9,72600,871583
2012/9/26,11.98,11.98,12.3,11.91,220600,2656202
2012/9/27,11.93,12.08,12.16,11.92,127401,1535407
2012/9/28,12,12.12,12.16,11.96,85906,1037717
2012/10/8,12.09,12.17,12.25,12.09,72090,877275
2012/10/9,12.25,12.43,12.48,12.1,418866,5170973
2012/10/10,12.44,12.4,12.7,12.24,400002,4969536
2012/10/11,12.4,12.13,12.4,12.13,147800,1807068
2012/10/12,12.25,12.11,12.5,12.08,222310,2737097
2012/10/15,12.02,12.02,12.18,11.98,163000,1961151
2012/10/16,12.15,12.12,12.19,12.04,85700,1036831
2012/10/17,12.2,12.14,12.48,12.08,110563,1350945
2012/10/18,12.14,12.18,12.28,12,267150,3245947
2012/10/19,12.18,12.18,12.25,12.11,121600,1477331
2012/10/22,12.16,12.12,12.16,12,163811,1976082
2012/10/23,12.03,12.07,12.16,12.03,78800,952178
2012/10/24,12.01,12.09,12.13,12.01,112600,1357131
2012/10/25,12.02,12.06,12.1,12,82152,988750
2012/10/26,12.07,11.97,12.29,11.85,168698,2028626
2012/10/29,11.9,11.78,11.95,11.78,113300,1341017
2012/10/30,11.78,11.86,11.95,11.78,105099,1251538
2012/10/31,11.76,11.79,11.9,11.71,68850,814776
2012/11/1,11.96,11.99,12.37,11.82,148648,1792581
2012/11/2,11.97,12.06,12.09,11.9,69000,828084
2012/11/5,12.06,12.3,12.3,12.04,371839,4542195
2012/11/6,12.01,12.68,13.2,12.01,2850309,36013036
2012/11/7,12.51,12.03,12.53,11.98,2026285,24589832
2012/11/8,11.82,11.71,11.88,11.7,710406,8344518
2012/11/9,11.82,11.92,11.99,11.65,632600,7498105
2012/11/12,11.92,11.88,12,11.75,450525,5342789
2012/11/13,11.81,11.65,11.81,11.58,415175,4848339
2012/11/14,11.6,11.67,11.69,11.56,307700,3575323
2012/11/15,11.68,11.54,11.68,11.48,218000,2522532
2012/11/16,11.5,11.45,11.68,11.36,145156,1662888
2012/11/19,11.48,11.6,11.71,11.29,230110,2666642
2012/11/20,11.6,11.62,11.71,11.47,237901,2761333
2012/11/21,11.64,11.65,11.68,11.56,117528,1366492
2012/11/22,11.7,11.62,11.7,11.49,74502,864197
2012/11/23,11.41,11.6,11.69,11.3,73000,847024
2012/11/26,11.52,11.56,11.68,11.52,39176,453231
2012/11/27,11.43,11.35,11.48,11.31,194499,2216183
2012/11/28,11.3,11.3,11.3,11.14,141699,1592579
2012/11/29,11.16,11.25,11.35,11.16,212000,2392796
2012/11/30,11.3,11.28,11.37,11.25,116108,1308691
2012/12/3,11.24,11.26,11.28,11.17,151100,1698493
2012/12/4,11.1,11.18,11.28,11.03,129588,1438425
2012/12/5,11.13,11.45,11.49,11.13,149768,1703365
2012/12/6,11.45,11.37,11.49,11.28,99767,1130665
2012/12/7,11.25,11.64,11.7,11.25,244511,2821854
2012/12/10,11.74,11.63,12.09,11.51,829988,9704818
2012/12/11,11.63,11.69,11.75,11.4,1056567,12253558
2012/12/12,11.53,11.58,11.7,11.46,178778,2065839
2012/12/13,11.56,11.36,11.56,11.33,208701,2383518
2012/12/14,11.26,11.66,11.69,11.26,398857,4636163
2012/12/17,11.65,11.65,11.76,11.62,287209,3351824
2012/12/18,11.61,11.62,11.76,11.5,283401,3310329
2012/12/19,11.58,11.68,11.74,11.58,217930,2547484
2012/12/20,11.71,11.87,11.95,11.64,538917,6361960
2012/12/21,11.8,11.67,11.94,11.63,612863,7191070
2012/12/24,11.72,11.78,11.84,11.65,189078,2223166
2012/12/25,11.81,12.02,12.1,11.78,703769,8436392
2012/12/26,12.11,12.18,12.22,11.92,762439,9233145
2012/12/27,12.09,12.08,12.26,12.08,458689,5580255
2012/12/28,11.96,12.18,12.23,11.96,317001,3844878
2012/12/31,12.26,12.3,12.3,12.14,345184,4222195
2013/1/4,12.43,12.5,12.53,12.37,733771,9152324
2013/1/7,12.52,12.47,12.52,12.4,217235,2705968
2013/1/8,12.45,12.49,12.51,12.41,385784,4811824
2013/1/9,12.5,12.39,12.53,12.32,303790,3777852
2013/1/10,12.48,12.38,12.49,12.28,201814,2495620
2013/1/11,12.37,12.45,12.45,12.31,436490,5406076
2013/1/14,12.42,12.9,13,12.42,897379,11407334
2013/1/15,12.9,13.02,13.15,12.63,1112870,14339557
2013/1/16,13.02,12.88,13.1,12.78,622129,8011833
2013/1/17,12.87,12.8,12.96,12.74,403834,5182108
2013/1/18,12.8,12.95,12.95,12.72,332277,4263879
2013/1/21,12.89,12.94,13.3,12.89,457022,5979685
2013/1/22,12.94,13.09,13.16,12.61,810815,10444577
2013/1/23,12.95,12.94,13.11,12.71,794133,10231982
2013/1/24,12.82,13.04,13.05,12.5,909312,11675886
2013/1/25,12.9,12.87,13,12.72,210458,2711526
2013/1/28,12.87,13.21,13.25,12.87,1202323,15719349
2013/1/29,13.21,13.27,13.39,13.14,645768,8577458
2013/1/30,13.28,13.3,13.31,13.12,559867,7397317
2013/1/31,13.32,13.25,13.32,13.12,411501,5448087
2013/2/1,13.25,13.53,13.64,13.15,1065896,14344816
2013/2/4,13.66,13.53,13.78,13.42,519213,7049963
2013/2/5,13.55,13.57,13.7,13.51,467225,6362257
2013/2/6,13.49,13.64,13.68,13.49,201164,2729079
2013/2/7,13.62,13.6,13.68,13.55,216811,2954620
2013/2/8,13.6,13.71,13.74,13.6,217291,2977287
2013/2/18,13.68,13.69,13.75,13.51,272510,3710935
2013/2/19,13.75,13.77,13.86,13.56,705919,9671395
2013/2/20,13.68,14.4,14.44,13.68,1459781,20705074
2013/2/21,14.24,14.41,15.04,14.15,3672118,53693372
2013/2/22,14.26,13.9,14.26,13.89,1411232,19813012
2013/2/25,13.9,13.8,14,13.5,746514,10248840
2013/2/26,13.86,13.78,13.87,13.65,285596,3932551
2013/2/27,13.71,13.71,13.94,13.68,282648,3889904
2013/2/28,13.76,13.87,13.88,13.68,418938,5785073
2013/3/1,13.87,14.05,14.06,13.72,470561,6537962
2013/3/4,14.05,13.9,14.32,13.88,768084,10834618
2013/3/5,14.12,14.2,14.2,13.95,576305,8127512
2013/3/6,14.29,14.24,14.36,14.12,436495,6200729
2013/3/7,14.24,14.06,14.26,13.92,402062,5666160
2013/3/8,13.99,14.23,14.23,13.95,389846,5511959
2013/3/11,14.24,14.23,14.35,14.1,259558,3702116
2013/3/12,14.12,13.92,14.28,13.72,560671,7864313
2013/3/13,13.74,13.85,13.94,13.74,229819,3169492
2013/3/14,13.71,13.75,13.95,13.7,209350,2886318
2013/3/15,13.76,14,14.33,13.75,507713,7118518
2013/3/18,14,13.95,14.12,13.94,343473,4810099
2013/3/19,13.87,13.88,14,13.85,168810,2345760
2013/3/20,13.84,14.23,14.25,13.84,350202,4942918
2013/3/21,14.47,14.28,14.47,14.2,415603,5935987
2013/3/22,14.35,14.32,14.38,14.17,293980,4202535
2013/3/25,14.35,14.79,14.91,14.29,1278589,18788252
2013/3/26,14.8,14.95,14.99,14.6,930452,13817676
2013/3/27,14.95,14.89,15,14.73,655517,9748957
2013/3/28,14.77,14.72,14.94,14.41,545855,8068884
2013/3/29,14.8,15.04,15.08,14.8,727603,10912572
2013/4/1,15.04,14.88,15.15,14.8,527488,7883838
2013/4/2,14.98,13.58,14.98,13.58,1387591,19538152
2013/4/3,13.3,13.31,13.77,13.3,414955,5570100
2013/4/8,13.29,13.11,13.31,12.92,437449,5733586
2013/4/9,13.11,13.47,13.55,13.11,235726,3141251
2013/4/10,13.47,13.26,13.53,13.2,142900,1903070
2013/4/11,13.2,13.35,13.49,13.2,108229,1448291
2013/4/12,13.35,13.09,13.37,13,195898,2577995
2013/4/15,13.1,13.11,13.28,12.98,187145,2438665
2013/4/16,13.03,13.34,13.36,12.92,122907,1618302
2013/4/17,13.4,13.46,13.55,13.28,199504,2676446
2013/4/18,13.47,13.43,13.5,13.4,163995,2205359
2013/4/19,13.53,13.89,14.61,13.45,574780,8043101
2013/4/22,13.8,14.01,14.05,13.51,627456,8728814
2013/4/23,13.98,13.8,14.13,13.59,413648,5713470
2013/4/24,13.94,13.99,14.04,13.71,406698,5670338
2013/4/25,13.9,13.95,14.19,13.88,442285,6223362
2013/4/26,14.08,13.96,14.12,13.61,602392,8300758
2013/5/2,13.82,13.88,13.92,13.73,179408,2480111
2013/5/3,13.86,14.13,14.18,13.86,554773,7804805
2013/5/6,14.13,14.34,14.49,14.13,1023191,14626350
2013/5/7,7.2,7.04,7.24,6.98,1446624,10216545
2013/5/8,7.05,7.17,7.26,7,1895468,13524117
2013/5/9,7.13,7.06,7.17,6.96,1535694,10805263
2013/5/10,7.11,7.08,7.14,6.99,1603706,11298977
2013/5/13,7.06,7.09,7.1,6.97,1266087,8912238
2013/5/14,7.08,7.07,7.1,7.01,908909,6409180
2013/5/15,7.15,7.16,7.22,7.08,1959846,14011034
2013/5/16,7.16,7.29,7.48,7.12,3809315,27903300
2013/5/17,7.22,7.38,7.44,7.22,2771856,20428088
2013/5/20,7.38,7.58,7.58,7.38,3270691,24565500
2013/5/21,7.56,7.81,7.82,7.5,4672796,36149700
2013/5/22,7.85,7.63,7.87,7.57,3513135,27011498
2013/5/23,7.5,7.53,7.68,7.47,2440700,18420756
2013/5/24,7.53,7.8,7.81,7.53,3136283,24179740
2013/5/27,7.88,7.79,7.96,7.7,3485998,27192144
2013/5/28,7.75,7.66,7.75,7.39,3385755,25548402
2013/5/29,7.76,7.69,7.8,7.52,3273610,24973132
2013/5/30,7.55,7.58,7.63,7.48,2240366,16912066
2013/5/31,7.66,7.4,7.66,7.4,2559070,19215976
2013/6/3,7.39,7.18,7.39,7.11,1836720,13265468
2013/6/4,7.15,7.15,7.25,7.09,1021893,7309468
2013/6/5,7.1,7.18,7.22,7.1,631464,4524241
2013/6/6,7.14,6.99,7.21,6.98,1232300,8732355
2013/6/7,7.02,6.78,7.06,6.7,1196298,8220198
2013/6/13,6.71,6.55,6.75,6.32,753431,4922138
2013/6/14,6.49,6.7,6.7,6.49,633023,4191179
2013/6/17,6.7,6.69,6.75,6.58,609099,4079971
2013/6/18,6.74,6.6,6.74,6.55,589068,3884314
2013/6/19,6.63,6.52,6.63,6.47,489744,3194191
2013/6/20,6.5,6.36,6.56,6.36,403600,2609140
2013/6/21,6.29,6.19,6.29,6.04,530556,3262566
2013/6/24,6.15,5.77,6.15,5.76,986290,5857772
2013/6/25,5.7,5.82,5.9,5.28,941275,5362660
2013/6/26,5.8,5.95,5.95,5.71,780841,4573821
2013/6/27,5.95,5.88,6.18,5.81,976810,5872244
2013/6/28,5.86,6.47,6.47,5.71,2425331,15066598
2013/7/1,6.4,6.77,7.05,6.37,7062500,47681108
2013/7/2,6.6,6.68,6.95,6.55,5128986,34447436
2013/7/3,6.6,7,7.15,6.25,6000453,40329320
2013/7/4,6.83,6.88,7.1,6.82,4887303,33926908
2013/7/5,6.91,6.64,6.96,6.61,3566627,24071712
2013/7/8,6.48,6.05,6.49,6,3314267,20516704
2013/7/9,5.95,6.17,6.22,5.76,2981020,17904752
2013/7/10,6.09,6.36,6.42,6.05,2908424,18163720
2013/7/11,6.29,6.4,6.47,6.2,3697319,23401026
2013/7/12,6.33,7.04,7.04,6.32,7096671,48511684
2013/7/15,7.25,7.61,7.65,7.09,13221613,97631264
2013/7/16,7.46,7.86,7.89,7.35,10425244,79416640
2013/7/17,7.7,7.66,7.84,7.47,6776592,51881552
2013/7/18,7.56,7.68,7.9,7.32,6674403,50847592
2013/7/19,7.61,7.15,7.71,7.15,5040049,37446584
2013/7/22,7.02,7.33,7.35,6.91,4032011,28898282
2013/7/23,7.26,7.63,7.86,7.22,7861546,59441068
2013/7/24,7.57,8.18,8.3,7.52,11474150,91003632
2013/7/25,8.03,7.52,8.12,7.39,8409220,65417072
2013/7/26,7.52,7.83,7.95,7.48,5554346,42894496
2013/7/29,7.8,8.27,8.5,7.57,10903198,89321472
2013/7/30,8.18,9.1,9.1,8.1,17134700,149414192
2013/7/31,9.48,8.85,9.59,8.68,20961686,189412976
2013/8/1,8.79,8.96,9.01,8.55,13378992,117601432
2013/8/2,8.85,9.34,9.58,8.66,17116612,155155232
2013/8/5,9.21,9.11,9.26,9.05,9641160,88077176
2013/8/6,9.13,9,9.2,8.8,8964432,80447032
2013/8/7,8.98,8.63,9,8.58,7505519,65530932
2013/8/8,8.58,8.72,8.75,8.54,5147734,44536060
2013/8/9,8.62,8.41,8.77,8.3,5960007,50582308
2013/8/12,8.49,8.33,8.57,8.1,6203282,51835628
2013/8/13,8.33,8.64,8.66,8.15,6645897,56324428
2013/8/14,8.59,8.42,8.63,8.4,5054762,43075920
2013/8/15,8.4,9,9.1,8.36,10778213,94662240
2013/8/16,8.88,8.41,8.98,8.31,6689364,58675736
2013/8/19,8.3,8.38,8.46,8.15,3672947,30554100
2013/8/20,8.4,8.71,8.89,8.34,5916433,51410968
2013/8/21,8.7,9.02,9.13,8.61,7966500,70988448
2013/8/22,9.01,8.8,9.01,8.74,4453129,39269792
2013/8/23,8.8,8.76,9.1,8.43,5205968,45902904
2013/8/26,8.63,8.97,9.09,8.57,5325692,47414500
2013/8/27,8.94,8.94,9.07,8.7,5115246,45319028
2013/8/28,8.8,8.5,8.82,8.49,4587973,39779148
2013/8/29,8.49,8.3,8.68,8.25,3384559,28477024
2013/8/30,8.3,7.83,8.33,7.8,4259409,34337272
2013/9/2,7.8,8.25,8.32,7.76,3586526,28952780
2013/9/3,8.21,8.3,8.46,8.11,2377717,19785402
2013/9/4,8.4,8.57,8.83,8.33,6620615,57077660
2013/9/5,8.47,9.43,9.43,8.45,19127468,175265552
2013/9/6,9.43,10.22,10.37,9.15,27548282,274197792
2013/9/9,9.96,10.42,11,9.9,21766996,223496384
2013/9/10,10.19,10.29,10.56,10.01,12419081,126678168
2013/9/11,10.12,9.71,10.16,9.51,9892082,96503608
2013/9/12,9.75,10.06,10.15,9.48,11478226,113556064
2013/9/13,10.01,9.8,10.03,9.71,6226284,61600276
2013/9/16,9.78,9.85,10.1,9.62,6112734,60591992
2013/9/17,9.72,9.47,9.8,9.25,6150498,58687688
2013/9/18,9.48,9.85,9.95,9.48,5961058,58209836
2013/9/23,9.81,9.95,10.15,9.68,7299962,72573928
2013/9/24,9.93,10.32,10.33,9.68,8847404,88681648
2013/9/25,10.2,10.14,10.64,10,8601031,88838568
2013/9/26,10.03,9.8,10.18,9.76,4302545,42609004
2013/9/27,9.74,9.98,10.08,9.56,4036386,40143532
2013/9/30,9.87,10.5,10.56,9.85,8153625,84482336
2013/10/8,10.57,10.65,10.75,10.2,8160484,85861664
2013/10/9,10.48,11.06,11.35,10.37,9402384,103569072
2013/10/10,11,11.07,11.36,10.84,8425930,93908176
2013/10/11,11,10.92,11.22,10.84,5500996,60593312
2013/10/14,10.89,10.95,11.15,10.55,5708597,61408292
2013/10/15,10.85,10.58,10.9,10.49,4411550,46925756
2013/10/16,10.5,9.6,10.55,9.52,6973788,68766784
2013/10/17,9.61,9.74,9.9,9.61,2932671,28521624
2013/10/18,9.74,9.75,9.81,9.41,3701220,35585800
2013/10/21,9.79,9.96,9.97,9.61,4362285,42913416
2013/10/22,10.03,9.99,10.34,9.88,5297205,53662864
2013/10/23,9.99,9.63,10.27,9.52,3681750,36263708
2013/10/24,9.64,9.53,9.77,9.46,2003538,19167650
2013/10/25,9.6,9.06,9.66,9.01,3268226,30195716
2013/10/28,9.1,8.79,9.13,8.75,1925963,17179386
2013/10/29,8.85,9.2,9.3,8.66,4096951,36970716
2013/10/30,9.01,9.23,9.28,8.91,2412306,22000678
2013/10/31,9.16,8.98,9.17,8.91,1504712,13529169
2013/11/1,9.06,8.71,9.06,8.67,1618949,14171181
2013/11/4,8.75,8.78,8.95,8.7,934441,8238458
2013/11/5,8.79,8.95,8.98,8.63,1841497,16312053
2013/11/6,8.88,8.93,9.06,8.86,2047921,18304666
2013/11/7,8.85,8.58,8.85,8.51,1786941,15537731
2013/11/8,8.5,8.11,8.51,8,2417356,19879594
2013/11/11,8.03,8.12,8.2,7.98,1431282,11556203
2013/11/12,8.13,8.64,8.74,8.13,2899335,24542610
2013/11/13,8.35,8.5,8.76,8.35,3426149,29345724
2013/11/14,8.42,8.49,8.62,8.1,2487577,20903576
2013/11/15,8.56,9.34,9.34,8.5,7717576,69513024
2013/11/18,10.27,10.27,10.27,10.27,2630105,27011178
2013/11/19,11.3,11.3,11.3,11.3,3933409,44447520
2013/11/20,11.3,12.43,12.43,10.93,39721424,469864032
2013/11/21,12.29,12.18,13.08,12.03,32814996,410190144
2013/11/22,12.06,12.22,12.87,11.91,28272128,348128448
2013/11/25,11.88,11.85,12.14,11.46,18807512,221738032
2013/11/26,11.8,12.03,12.5,11.67,20282948,244398048
2013/11/27,11.87,12.16,12.24,11.61,16152298,192254448
2013/11/28,12.12,12.26,12.55,11.9,19268904,235210464
2013/11/29,12.03,12.66,12.98,11.93,26857560,335138592
2013/12/2,11.4,11.39,11.87,11.39,9979638,115402880
2013/12/3,10.41,10.8,10.96,10.25,13801939,145380528
2013/12/4,10.65,10.89,11.32,10.51,11560158,126117096
2013/12/5,10.73,10.65,10.96,10.43,7374228,78615768
2013/12/6,10.56,10.67,10.81,10.56,3526667,37669980
2013/12/9,10.79,10.6,10.85,10.55,4901738,52363976
2013/12/10,10.6,10.81,10.85,10.3,9032409,96031352
2013/12/11,10.69,10.42,10.69,10.33,4351431,45757000
2013/12/12,10.54,10.5,10.62,10.39,3454962,36347864
2013/12/13,10.41,10.32,10.5,10.25,4452330,46176316
2013/12/16,10.3,10.01,10.43,10.01,4650780,47354088
2013/12/17,9.91,10.04,10.09,9.86,3552242,35412924
2013/12/18,10.02,9.85,10.11,9.83,2770727,27631278
2013/12/19,9.9,9.86,10.05,9.8,2626501,26118356
2013/12/20,9.87,9.53,10.02,9.41,3188819,30904406
2013/12/23,9.73,10.02,10.27,9.6,7795519,77777216
2013/12/24,9.98,10.28,10.34,9.88,9731618,98761776
2013/12/25,10.17,10.41,10.48,10.08,7561075,77900120
2013/12/26,10.32,9.78,10.36,9.74,5673479,57215088
2013/12/27,9.74,10.17,10.37,9.7,5886233,59131164
2013/12/30,10.2,10.35,10.4,10.06,5146341,52758140
2013/12/31,10.28,10.21,10.42,10.13,3532671,36214312
2014/1/2,10.09,10.23,10.32,10.01,3608850,36769748
2014/1/3,10.15,10.46,10.56,10.13,7695065,80112128
2014/1/6,10.36,9.95,10.46,9.91,4950701,50036828
2014/1/7,9.8,9.97,10.04,9.66,3620594,35823188
2014/1/8,9.88,9.98,10.15,9.82,3087927,30837104
2014/1/9,10,10.35,10.79,9.85,10992673,115662680
2014/1/10,10.12,10.62,10.75,9.7,9611717,99138056
2014/1/13,10.4,11.2,11.39,10.3,16089733,175470672
2014/1/14,11.05,11.17,11.32,10.79,11412723,126234624
2014/1/15,11.06,11.06,11.32,10.86,8547875,94549408
2014/1/16,11.06,10.84,11.06,10.62,6357050,68754704
2014/1/17,10.7,11.14,11.38,10.7,10332583,115065416
2014/1/20,11.1,11.26,11.38,10.85,7955664,88797840
2014/1/21,11.29,11.73,11.86,11.12,13112002,151712576
2014/1/22,11.55,11.67,11.77,11.43,9358059,108528976
2014/1/23,11.72,11.9,11.95,11.57,10133338,119671264
2014/1/24,11.88,11.64,12.05,11.62,8784480,103646024
2014/1/27,11.47,11.14,11.47,11.08,6356781,71419256
2014/1/28,11.19,11.23,11.46,11.06,3947204,44345384
2014/1/29,11.3,11.68,11.85,11.2,6195733,71764392
2014/1/30,11.68,11.72,12.2,11.44,6794867,80973832
2014/2/7,11.62,12,12.1,11.52,5867894,69782720
2014/2/10,12,13.2,13.2,11.87,11621043,147077344
2014/2/11,13.85,13.2,13.89,12.86,18225380,243945216
2014/2/12,13.26,13.36,13.45,12.89,10406649,137064352
2014/2/13,13.2,13.55,14.5,13,15924608,217366624
2014/2/14,13.23,13.45,13.94,12.91,10139993,136399344
2014/2/17,13.47,14.03,14.34,13.47,10500000,146313072
2014/2/18,13.95,13.85,14.33,13.53,7501325,103505872
2014/2/19,13.77,13.66,13.84,13.31,6606280,89794160
2014/2/20,13.75,14.55,14.84,13.75,15998035,230052656
2014/2/21,14.5,15.5,15.89,14.36,12842694,197359376
2014/2/24,15.5,15.5,15.5,15.5,0,0
2014/2/25,15.5,15.5,15.5,15.5,0,0
2014/2/26,15.5,15.5,15.5,15.5,0,0
2014/2/27,15.5,15.5,15.5,15.5,0,0
2014/2/28,15.5,15.5,15.5,15.5,0,0
2014/3/3,15.5,15.5,15.5,15.5,0,0
2014/3/4,15.5,15.5,15.5,15.5,0,0
2014/3/5,15.5,15.5,15.5,15.5,0,0
2014/3/6,15.5,15.5,15.5,15.5,0,0
2014/3/7,15.5,15.5,15.5,15.5,0,0
2014/3/10,15.5,15.5,15.5,15.5,0,0
2014/3/11,15.5,15.5,15.5,15.5,0,0
2014/3/12,15.5,15.5,15.5,15.5,0,0
2014/3/13,15.5,15.5,15.5,15.5,0,0
2014/3/14,15.5,15.5,15.5,15.5,0,0
2014/3/17,15.5,15.5,15.5,15.5,0,0
2014/3/18,15.5,15.5,15.5,15.5,0,0
2014/3/19,15.5,15.5,15.5,15.5,0,0
2014/3/20,15.5,15.5,15.5,15.5,0,0
2014/3/21,15.5,15.5,15.5,15.5,0,0
2014/3/24,15.5,15.5,15.5,15.5,0,0
2014/3/25,15.5,15.5,15.5,15.5,0,0
2014/3/26,15.5,15.5,15.5,15.5,0,0
2014/3/27,15.5,15.5,15.5,15.5,0,0
2014/3/28,15.5,15.5,15.5,15.5,0,0
2014/3/31,15.5,15.5,15.5,15.5,0,0
2014/4/1,15.5,15.5,15.5,15.5,0,0
2014/4/2,15.5,15.5,15.5,15.5,0,0
2014/4/3,15.5,15.5,15.5,15.5,0,0
2014/4/4,15.5,15.5,15.5,15.5,0,0
2014/4/8,15.5,15.5,15.5,15.5,0,0
2014/4/9,15.5,15.5,15.5,15.5,0,0
2014/4/10,15.5,15.5,15.5,15.5,0,0
2014/4/11,15.5,15.5,15.5,15.5,0,0
2014/4/14,15.5,15.5,15.5,15.5,0,0
2014/4/15,15.5,15.5,15.5,15.5,0,0
2014/4/16,15.5,15.5,15.5,15.5,0,0
2014/4/17,15.5,15.5,15.5,15.5,0,0
2014/4/18,15.5,15.5,15.5,15.5,0,0
2014/4/21,15.5,15.5,15.5,15.5,0,0
2014/4/22,15.5,15.5,15.5,15.5,0,0
2014/4/23,15.5,15.5,15.5,15.5,0,0
2014/4/24,15.5,15.5,15.5,15.5,0,0
2014/4/25,15.5,15.5,15.5,15.5,0,0
2014/4/28,15.5,15.5,15.5,15.5,0,0
2014/4/29,15.5,15.5,15.5,15.5,0,0
2014/4/30,15.5,15.5,15.5,15.5,0,0
2014/5/5,15.5,15.5,15.5,15.5,0,0
2014/5/6,15.5,15.5,15.5,15.5,0,0
2014/5/7,15.5,15.5,15.5,15.5,0,0
2014/5/8,15.5,15.5,15.5,15.5,0,0
2014/5/9,15.5,15.5,15.5,15.5,0,0
2014/5/12,15.5,15.5,15.5,15.5,0,0
2014/5/13,15.5,15.5,15.5,15.5,0,0
2014/5/14,15.5,15.5,15.5,15.5,0,0
2014/5/15,15.5,15.5,15.5,15.5,0,0
2014/5/16,15.5,15.5,15.5,15.5,0,0
2014/5/19,15.5,15.5,15.5,15.5,0,0
2014/5/20,15.5,15.5,15.5,15.5,0,0
2014/5/21,15.5,15.5,15.5,15.5,0,0
2014/5/22,15.5,15.5,15.5,15.5,0,0
2014/5/23,15.5,15.5,15.5,15.5,0,0
2014/5/26,15.5,15.5,15.5,15.5,0,0
2014/5/27,15.5,15.5,15.5,15.5,0,0
2014/5/28,15.5,15.5,15.5,15.5,0,0
2014/5/29,15.5,15.5,15.5,15.5,0,0
2014/5/30,15.5,15.5,15.5,15.5,0,0
2014/6/3,15.5,15.5,15.5,15.5,0,0
2014/6/4,15.5,15.5,15.5,15.5,0,0
2014/6/5,15.5,15.5,15.5,15.5,0,0
2014/6/6,15.5,15.5,15.5,15.5,0,0
2014/6/9,15.5,15.5,15.5,15.5,0,0
2014/6/10,15.5,15.5,15.5,15.5,0,0
2014/6/11,15.5,15.5,15.5,15.5,0,0
2014/6/12,15.5,15.5,15.5,15.5,0,0
2014/6/13,15.5,15.5,15.5,15.5,0,0
2014/6/16,15.5,15.5,15.5,15.5,0,0
2014/6/17,15.5,15.5,15.5,15.5,0,0
2014/6/18,15.5,15.5,15.5,15.5,0,0
2014/6/19,15.5,15.5,15.5,15.5,0,0
2014/6/20,15.5,15.5,15.5,15.5,0,0
2014/6/23,15.5,15.5,15.5,15.5,0,0
2014/6/24,15.5,15.5,15.5,15.5,0,0
2014/6/25,15.5,15.5,15.5,15.5,0,0
2014/6/26,15.5,15.5,15.5,15.5,0,0
2014/6/27,15.5,15.5,15.5,15.5,0,0
2014/6/30,15.5,15.5,15.5,15.5,0,0
2014/7/1,15.5,15.5,15.5,15.5,0,0
2014/7/2,15.5,15.5,15.5,15.5,0,0
2014/7/3,15.5,15.5,15.5,15.5,0,0
2014/7/4,15.5,15.5,15.5,15.5,0,0
2014/7/7,15.5,15.5,15.5,15.5,0,0
2014/7/8,15.5,15.5,15.5,15.5,0,0
2014/7/9,15.5,15.5,15.5,15.5,0,0
2014/7/10,15.5,15.5,15.5,15.5,0,0
2014/7/11,15.5,15.5,15.5,15.5,0,0
2014/7/14,15.5,15.5,15.5,15.5,0,0
2014/7/15,15.5,15.5,15.5,15.5,0,0
2014/7/16,15.5,15.5,15.5,15.5,0,0
2014/7/17,15.5,15.5,15.5,15.5,0,0
2014/7/18,15.5,15.5,15.5,15.5,0,0
2014/7/21,15.5,15.5,15.5,15.5,0,0
2014/7/22,17,17,17,17,1916302,32577134
2014/7/23,18.55,16.46,18.55,16.21,20926878,364601792
2014/7/24,16.11,15.01,16.11,14.81,13233857,201516480
2014/7/25,14.72,14.23,14.86,13.92,9433162,134879248
2014/7/28,14.25,14.21,14.35,14.06,7240980,102943384
2014/7/29,14.29,14.51,14.72,14.18,7375677,106954560
2014/7/30,14.51,14.86,14.87,14.18,7095368,103777648
2014/7/31,14.73,14.86,15.15,14.6,6052160,90144936
2014/8/1,14.68,14.29,14.88,14.2,5049835,73310288
2014/8/4,14.2,13.54,14.2,13.41,13030286,176539936
2014/8/5,13.56,13.72,13.76,13.28,9267526,125523224
2014/8/6,13.55,13.67,14.07,13.5,9631668,132374688
2014/8/7,13.55,13.23,13.67,13.16,8813083,118363192
2014/8/8,13.24,13.59,13.6,13.24,5354616,72055240
2014/8/11,13.59,13.64,13.78,13.56,6516751,89036008
2014/8/12,13.7,13.88,13.95,13.62,5992111,82518024
2014/8/13,13.76,13.64,13.84,13.53,5721505,78176048
2014/8/14,13.65,13.75,13.88,13.58,5323472,73437320
2014/8/15,13.8,13.89,13.89,13.59,5120236,70487712
2014/8/18,13.93,14.38,14.43,13.81,9511539,134943888
2014/8/19,14.47,14.72,14.76,14.27,9384705,135809536
2014/8/20,14.74,14.78,15.17,14.61,8332654,124214376
2014/8/21,14.7,14.5,14.8,14.29,5228073,75876496
2014/8/22,14.5,14.58,14.88,14.5,4347511,63733444
2014/8/25,14.5,14.21,14.54,14.14,4398583,62828720
2014/8/26,14.2,13.55,14.37,13.55,4532666,62866744
2014/8/27,13.45,13.63,13.72,13.45,2018538,27505764
2014/8/28,13.65,13.23,13.67,13.23,2360690,31691964
2014/8/29,13.24,13.6,13.6,13.24,1631199,21903486
2014/9/1,13.59,13.98,14.07,13.58,2660814,37024032
2014/9/2,14.05,14.21,14.37,14.03,4036260,57325996
2014/9/3,14.14,14.76,14.97,14.13,8201138,119689024
2014/9/4,14.76,14.79,14.83,14.49,4940554,72565200
2014/9/5,14.78,14.57,14.9,14.52,4284772,62680904
2014/9/9,14.55,14.9,15.12,14.26,6987279,103122320
2014/9/10,14.8,14.99,15.07,14.62,4835091,72104792
2014/9/11,14.99,15.11,15.47,14.83,6913335,104886744
2014/9/12,15.09,15.09,15.2,14.81,3372560,50565380
2014/9/15,15.11,14.96,15.11,14.7,4011721,59786944
2014/9/16,14.84,14,14.95,14,6218776,90601896
2014/9/17,14.03,14.11,14.26,13.86,3436315,48382152
2014/9/18,14.15,14.27,14.36,14.01,1930663,27427414
2014/9/19,14.3,15.21,15.33,14.21,5498985,81493120
2014/9/22,15.25,15.39,15.9,15.11,10662919,165132080
2014/9/23,15.3,15.65,15.81,15.29,5878596,92006368
2014/9/24,15.65,15.52,15.7,15.3,4377763,67702696
2014/9/25,15.52,15.13,15.6,15.06,5298636,80892232
2014/9/26,15.08,15.79,15.8,14.95,5522589,85500056
2014/9/29,16.02,15.75,16.25,15.56,5121544,81111168
2014/9/30,15.76,15.8,15.87,15.57,3459659,54475376
2014/10/8,15.86,15.52,15.86,15.38,4985237,77261152
2014/10/9,15.53,15.45,15.74,15.2,4979722,76894672
2014/10/10,15.38,15.3,15.45,15.15,2832806,43379892
2014/10/13,15.32,15.77,15.8,15.11,4692008,72837712
2014/10/14,15.7,15.37,15.7,15.26,3654139,56615284
2014/10/15,15.36,15.22,15.44,15.1,2256716,34384776
2014/10/16,15.16,14.73,15.29,14.7,3038870,45734848
2014/10/17,14.56,14.15,14.71,13.92,3549941,50543564
2014/10/20,14.22,14.76,14.89,14.22,2388643,34952788
2014/10/21,14.76,14.68,15.07,14.52,3130547,46474732
2014/10/22,14.7,14.36,14.78,14.3,1523427,22030268
2014/10/23,14.3,14.71,14.85,14.22,2191104,31732420
2014/10/24,14.62,14.6,14.87,14.52,1468360,21576460
2014/10/27,14.63,14.91,15.09,14.61,2683553,39922700
2014/10/28,14.9,15.03,15.1,14.89,3311999,49654364
2014/10/29,15.07,15.31,15.55,14.97,4338490,66433168
2014/10/30,15.31,15.11,15.46,15.05,2565807,39055828
2014/10/31,15.11,15.14,15.32,14.9,2526045,38011464
2014/11/3,15.16,15.3,15.45,15.15,2522725,38565908
2014/11/4,15.21,14.73,15.27,14.71,3433974,51505416
2014/11/5,14.68,14.83,14.9,14.6,4026402,59343988
2014/11/6,14.76,14.89,14.9,14.54,5231580,76756880
2014/11/7,13.57,13.7,14.3,13.4,21229140,289595200
2014/11/10,13.33,13.06,13.43,12.94,11412305,150135536
2014/11/11,13.15,12.61,13.15,12.5,6639807,84586536
2014/11/12,12.64,12.75,12.79,12.55,3215138,40836760
2014/11/13,12.7,12.58,12.83,12.4,3285564,41325324
2014/11/14,12.57,12.72,12.74,12.51,1969194,24864216
2014/11/17,12.73,13.08,13.09,12.58,3888666,50293468
2014/11/18,12.96,13.01,13.15,12.91,2146041,27927702
2014/11/19,13,13.03,13.1,12.94,1953845,25407874
2014/11/20,12.98,12.86,13.03,12.84,1980410,25605898
2014/11/21,12.83,13.05,13.1,12.79,2634206,34269420
2014/11/24,13.09,13.21,13.26,12.91,4044805,52941720
2014/11/25,13.23,13.29,13.31,13.1,3428452,45324948
2014/11/26,13.32,13.18,13.32,13.07,2618414,34457368
2014/11/27,13.26,13.19,13.27,13.14,4261561,56282328
2014/11/28,13.19,13.21,13.21,12.94,4422358,57929056
2014/12/1,13.2,13.04,13.25,13.02,2538075,33221178
2014/12/2,12.99,13.18,13.37,12.99,4164476,55055248
2014/12/3,13.18,13.48,13.5,13.05,4140251,54865404
2014/12/4,13.57,13.49,13.66,13.4,4350678,58802268
2014/12/5,13.45,13.19,13.49,12.95,3843193,50766692
2014/12/8,13.13,13.06,13.44,13,3344554,44322680
2014/12/9,13.09,12.51,13.23,12.51,3655434,47153388
2014/12/10,12.51,12.98,13.05,12.51,2760705,35285304
2014/12/11,12.99,13.08,13.11,12.76,2014350,26146016
2014/12/12,13.1,13.51,13.6,12.98,4358530,58181840
2014/12/15,13.51,13.62,13.68,13.33,3898251,52871228
2014/12/16,13.59,13.65,13.67,13.52,3807803,51736932
2014/12/17,13.6,13.15,13.6,12.98,5487142,71989424
2014/12/18,13.07,12.83,13.16,12.8,3397574,44020140
2014/12/19,12.81,13.03,13.05,12.78,2693463,34917916
2014/12/22,12.92,11.73,12.92,11.73,4585466,55030084
2014/12/23,11.47,12.18,12.29,10.7,5131342,58626556
2014/12/24,11.96,12.11,12.19,11.96,2156514,26030154
2014/12/25,12.12,12.33,12.42,12.04,1927820,23606690
2014/12/26,12.33,12.48,12.54,12.25,1885015,23354784
2014/12/29,12.4,11.94,12.4,11.85,1335939,16056897
2014/12/30,12.03,11.95,12.22,11.89,1053006,12668396
2014/12/31,11.95,12.04,12.12,11.95,770926,9278581
2015/1/5,11.96,12.13,12.23,11.96,1433277,17377248
2015/1/6,12.13,12.34,12.39,12,2033514,24844502
2015/1/7,12.4,12.3,12.4,12.12,1733086,21179964
2015/1/8,12.28,12.37,12.42,12.25,1460098,18037708
2015/1/9,12.3,12.45,12.88,12.3,3223656,40812372
2015/1/12,12.27,12.4,12.44,12.07,1732420,21226932
2015/1/13,12.4,12.4,12.5,12.16,1018502,12598904
2015/1/14,12.45,12.74,13.16,12.45,2737470,35100104
2015/1/15,12.7,12.9,12.94,12.66,1523608,19559338
2015/1/16,12.91,13.18,13.21,12.86,3159585,41309928
2015/1/19,13.7,13.68,14.49,13.25,10684424,149292928
2015/1/20,13.49,14.02,14.12,13.48,6417028,89137248
2015/1/21,13.97,14.11,14.25,13.81,6369584,89676824
2015/1/22,14.11,14.01,14.18,13.81,3381255,47279364
2015/1/23,14.02,13.75,14.06,13.7,3074175,42475456
2015/1/26,13.8,14.13,14.19,13.79,3436882,48267164
2015/1/27,14.12,14.49,14.53,14.05,5163455,73927112
2015/1/28,14.36,14.81,14.85,14.29,4905286,71856768
2015/1/29,14.81,14.81,14.81,14.81,0,0
2015/1/30,14.81,14.81,14.81,14.81,0,0
2015/2/2,14.81,14.81,14.81,14.81,0,0
2015/2/3,14.81,14.81,14.81,14.81,0,0
2015/2/4,14.81,14.81,14.81,14.81,0,0
2015/2/5,14.81,14.81,14.81,14.81,0,0
2015/2/6,13.4,13.33,13.93,13.33,13329942,179327376
2015/2/9,13,12.8,13.32,12.73,6038324,78722440
2015/2/10,12.75,13.07,13.24,12.7,3247559,42288988
2015/2/11,13.04,13.29,13.39,13.01,2982700,39581736
2015/2/12,13.38,13.42,13.57,13.29,2994010,40233356
2015/2/13,13.66,13.55,13.7,13.4,6795813,92150152
2015/2/16,13.51,13.82,13.94,13.42,9257859,126494800
2015/2/17,13.81,13.89,13.94,13.7,5492224,75876312
2015/2/25,13.85,13.88,14.09,13.75,3351974,46553904
2015/2/26,13.82,13.9,13.95,13.82,3700410,51416844
2015/2/27,13.93,13.92,14,13.87,4560748,63438680
2015/3/2,13.95,14.04,14.04,13.85,7538523,105082320
2015/3/3,14.04,14.04,14.23,13.9,6997939,98509632
2015/3/4,14.01,14.24,14.34,14.01,7315014,104062656
2015/3/5,14.25,14.69,14.85,14.17,9737476,141456560
2015/3/6,14.68,15.05,15.35,14.38,9942127,147647328
2015/3/9,14.8,15.9,15.9,14.54,12155348,184909280
2015/3/10,15.72,15.98,16.03,15.43,14558702,228526480
2015/3/11,15.83,16.3,16.34,15.75,12930744,207426192
2015/3/12,16.46,15.52,16.86,15.4,15568632,251478720
2015/3/13,15.61,16.02,16.25,15.41,7849799,124621792
2015/3/16,16.1,17.62,17.62,16.1,15931356,269433920
2015/3/17,17.79,19.38,19.38,17.43,24928108,464763488
2015/3/18,19.28,19.95,20.8,18.68,21809070,427326880
2015/3/19,9.18,9.4,9.67,8.81,51407012,476414560
2015/3/20,9.4,10.34,10.34,9.22,60005024,589428160
2015/3/23,10.65,11.37,11.37,10.1,67026832,721239616
2015/3/24,11.5,12.16,12.48,11.03,81267728,949658944
2015/3/25,12.08,12.89,13.25,11.5,67798672,843968640
2015/3/26,12.55,11.66,13.25,11.62,65550572,807711424
2015/3/27,11.08,11.38,11.55,10.9,30795708,344561376
2015/3/30,11.25,11.14,11.38,11,24549870,272924992
2015/3/31,11.14,11.29,11.47,11.01,24582104,277187616
2015/4/1,11.26,11.31,11.4,11.1,19731944,222458656
2015/4/2,11.38,11.32,11.42,11.11,21685010,243668944
2015/4/3,11.31,11.17,11.31,11.1,21464956,239724480
2015/4/7,11.17,11.44,11.47,11.06,30845852,347627200
2015/4/8,11.44,11.27,11.48,11,26617516,299197792
2015/4/9,11.26,12.4,12.4,11.19,65546424,784373504
2015/4/10,12.62,12.17,12.79,12,55442940,682354368
2015/4/13,11.98,12.03,12.38,11.59,33463092,400044320
2015/4/14,11.99,11.67,12,11.59,22493126,263129088
2015/4/15,11.66,10.88,11.66,10.76,19911278,222944624
2015/4/16,10.75,10.67,11.1,10,15066619,159441280
2015/4/17,10.75,10.77,11.08,10.73,13517274,146580992
2015/4/20,10.77,10.35,10.77,10.25,17419940,181116128
2015/4/21,10.32,10.71,10.76,10.22,13021647,137859024
2015/4/22,10.69,11.06,11.19,10.61,18810110,206432784
2015/4/23,11.06,11.35,11.48,10.85,23039284,256933328
2015/4/24,11.51,11.09,11.57,11.05,17391328,195733280
2015/4/27,11,10.89,11.15,10.81,15537867,169860768
2015/4/28,10.88,10.38,10.88,10.32,14545345,152596896
2015/4/29,10.28,10.44,10.62,10.13,8102059,84765144
2015/4/30,10.5,10.49,10.67,10.38,8186769,86188272
2015/5/4,10.55,10.37,10.58,10.2,8754673,90571048
2015/5/5,10.35,10.32,10.48,10.28,8801886,91136488
2015/5/6,10.29,9.92,10.42,9.8,9225850,94290232
2015/5/7,9.87,9.35,9.87,9.13,12707568,121010656
2015/5/8,9.4,10.29,10.29,9.4,13271464,130462584
2015/5/11,10.65,11.18,11.32,10.49,32093312,353086112
2015/5/12,11.48,11.32,11.48,10.97,30118180,339667712
2015/5/13,11.23,11.69,11.86,10.9,34734424,399007328
2015/5/14,11.7,11.4,11.79,11.3,19430808,223632880
2015/5/15,11.45,11.63,12.1,11.01,26955038,311416704
2015/5/18,11.6,12.27,12.58,11.28,33662304,409363520
2015/5/19,12.28,12.29,12.6,12.01,28790524,352224992
2015/5/20,12.3,12.79,13,12.11,34622568,439410944
2015/5/21,12.9,13.8,14,12.51,40184960,523228832
2015/5/22,13.88,14.21,14.5,13.5,37424240,530046080
2015/5/25,14.22,14.45,15.59,14.22,40002416,589735168
2015/5/26,14.46,15.9,15.9,14.1,42767156,649791232
2015/5/27,16.51,17.49,17.49,15.9,38409840,645717888
2015/5/28,17.49,15.74,18.18,15.74,39055476,668583616
2015/5/29,15.03,16.56,17.23,15.03,33884660,545414720
2015/6/1,16.56,16.56,16.56,16.56,0,0
2015/6/2,16.56,16.56,16.56,16.56,0,0
2015/6/3,16.56,16.56,16.56,16.56,0,0
2015/6/4,16.56,16.56,16.56,16.56,0,0
2015/6/5,16.56,16.56,16.56,16.56,0,0
2015/6/8,16.56,16.56,16.56,16.56,0,0
2015/6/9,16.56,16.56,16.56,16.56,0,0
2015/6/10,16.56,16.56,16.56,16.56,0,0
2015/6/11,16.56,16.56,16.56,16.56,0,0
2015/6/12,16.56,16.56,16.56,16.56,0,0
2015/6/15,16.56,16.56,16.56,16.56,0,0
2015/6/16,16.56,16.56,16.56,16.56,0,0
2015/6/17,16.56,16.56,16.56,16.56,0,0
2015/6/18,16.56,16.56,16.56,16.56,0,0
2015/6/19,16.56,16.56,16.56,16.56,0,0
2015/6/23,16.56,16.56,16.56,16.56,0,0
2015/6/24,16.56,16.56,16.56,16.56,0,0
2015/6/25,16.56,16.56,16.56,16.56,0,0
2015/6/26,16.56,16.56,16.56,16.56,0,0
2015/6/29,16.56,16.56,16.56,16.56,0,0
2015/6/30,16.56,16.56,16.56,16.56,0,0
2015/7/1,16.56,16.56,16.56,16.56,0,0
2015/7/2,16.56,16.56,16.56,16.56,0,0
2015/7/3,16.56,16.56,16.56,16.56,0,0
2015/7/6,16.56,16.56,16.56,16.56,0,0
2015/7/7,16.56,16.56,16.56,16.56,0,0
2015/7/8,16.56,16.56,16.56,16.56,0,0
2015/7/9,16.56,16.56,16.56,16.56,0,0
2015/7/10,16.56,16.56,16.56,16.56,0,0
2015/7/13,16.56,16.56,16.56,16.56,0,0
2015/7/14,16.56,16.56,16.56,16.56,0,0
2015/7/15,16.56,16.56,16.56,16.56,0,0
2015/7/16,16.56,16.56,16.56,16.56,0,0
2015/7/17,16.56,16.56,16.56,16.56,0,0
2015/7/20,16.56,16.56,16.56,16.56,0,0
2015/7/21,16.56,16.56,16.56,16.56,0,0
2015/7/22,16.56,16.56,16.56,16.56,0,0
2015/7/23,16.56,16.56,16.56,16.56,0,0
2015/7/24,16.56,16.56,16.56,16.56,0,0
2015/7/27,16.56,16.56,16.56,16.56,0,0
2015/7/28,16.56,16.56,16.56,16.56,0,0
2015/7/29,16.56,16.56,16.56,16.56,0,0
2015/7/30,16.56,16.56,16.56,16.56,0,0
2015/7/31,16.56,16.56,16.56,16.56,0,0
2015/8/3,16.56,16.56,16.56,16.56,0,0
2015/8/4,16.56,16.56,16.56,16.56,0,0
2015/8/5,16.56,16.56,16.56,16.56,0,0
2015/8/6,16.56,16.56,16.56,16.56,0,0
2015/8/7,16.56,16.56,16.56,16.56,0,0
2015/8/10,16.56,16.56,16.56,16.56,0,0
2015/8/11,16.56,16.56,16.56,16.56,0,0
2015/8/12,16.56,16.56,16.56,16.56,0,0
2015/8/13,16.56,16.56,16.56,16.56,0,0
2015/8/14,16.56,16.56,16.56,16.56,0,0
2015/8/17,16.56,16.56,16.56,16.56,0,0
2015/8/18,16.56,16.56,16.56,16.56,0,0
2015/8/19,16.56,16.56,16.56,16.56,0,0
2015/8/20,16.56,16.56,16.56,16.56,0,0
2015/8/21,16.56,16.56,16.56,16.56,0,0
2015/8/24,16.56,16.56,16.56,16.56,0,0
2015/8/25,16.56,16.56,16.56,16.56,0,0
2015/8/26,16.56,16.56,16.56,16.56,0,0
2015/8/27,16.56,16.56,16.56,16.56,0,0
2015/8/28,16.56,16.56,16.56,16.56,0,0
2015/8/31,16.56,16.56,16.56,16.56,0,0
2015/9/1,16.56,16.56,16.56,16.56,0,0
2015/9/2,16.56,16.56,16.56,16.56,0,0
2015/9/7,16.56,16.56,16.56,16.56,0,0
2015/9/8,16.56,16.56,16.56,16.56,0,0
2015/9/9,16.56,16.56,16.56,16.56,0,0
2015/9/10,16.56,16.56,16.56,16.56,0,0
2015/9/11,16.56,16.56,16.56,16.56,0,0
2015/9/14,16.56,16.56,16.56,16.56,0,0
2015/9/15,16.56,16.56,16.56,16.56,0,0
2015/9/16,16.56,16.56,16.56,16.56,0,0
2015/9/17,16.56,16.56,16.56,16.56,0,0
2015/9/18,16.56,16.56,16.56,16.56,0,0
2015/9/21,16.56,16.56,16.56,16.56,0,0
2015/9/22,16.56,16.56,16.56,16.56,0,0
2015/9/23,16.56,16.56,16.56,16.56,0,0
2015/9/24,16.56,16.56,16.56,16.56,0,0
2015/9/25,16.56,16.56,16.56,16.56,0,0
2015/9/28,16.56,16.56,16.56,16.56,0,0
2015/9/29,16.56,16.56,16.56,16.56,0,0
2015/9/30,16.56,16.56,16.56,16.56,0,0
2015/10/8,16.56,16.56,16.56,16.56,0,0
2015/10/9,16.56,16.56,16.56,16.56,0,0
2015/10/12,16.56,16.56,16.56,16.56,0,0
2015/10/13,16.56,16.56,16.56,16.56,0,0
2015/10/14,16.56,16.56,16.56,16.56,0,0
2015/10/15,16.56,16.56,16.56,16.56,0,0
2015/10/16,16.56,16.56,16.56,16.56,0,0
2015/10/19,16.56,16.56,16.56,16.56,0,0
2015/10/20,16.56,16.56,16.56,16.56,0,0
2015/10/21,16.56,16.56,16.56,16.56,0,0
2015/10/22,16.56,16.56,16.56,16.56,0,0
2015/10/23,16.56,16.56,16.56,16.56,0,0
2015/10/26,16.56,16.56,16.56,16.56,0,0
2015/10/27,16.56,16.56,16.56,16.56,0,0
2015/10/28,16.56,16.56,16.56,16.56,0,0
2015/10/29,16.56,16.56,16.56,16.56,0,0
2015/10/30,16.56,16.56,16.56,16.56,0,0
2015/11/2,16.56,16.56,16.56,16.56,0,0
2015/11/3,16.56,16.56,16.56,16.56,0,0
2015/11/4,16.56,16.56,16.56,16.56,0,0
2015/11/5,16.56,16.56,16.56,16.56,0,0
2015/11/6,16.56,16.56,16.56,16.56,0,0
2015/11/9,16.56,16.56,16.56,16.56,0,0
2015/11/10,16.56,16.56,16.56,16.56,0,0
2015/11/11,16.56,16.56,16.56,16.56,0,0
2015/11/12,16.56,16.56,16.56,16.56,0,0
2015/11/13,16.56,16.56,16.56,16.56,0,0
2015/11/16,16.56,16.56,16.56,16.56,0,0
2015/11/17,16.56,16.56,16.56,16.56,0,0
2015/11/18,16.56,16.56,16.56,16.56,0,0
2015/11/19,16.56,16.56,16.56,16.56,0,0
2015/11/20,16.56,16.56,16.56,16.56,0,0
2015/11/23,16.56,16.56,16.56,16.56,0,0
2015/11/24,16.56,16.56,16.56,16.56,0,0
2015/11/25,16.56,16.56,16.56,16.56,0,0
2015/11/26,16.56,16.56,16.56,16.56,0,0
2015/11/27,16.56,16.56,16.56,16.56,0,0
2015/11/30,16.56,16.56,16.56,16.56,0,0
2015/12/1,16.56,16.56,16.56,16.56,0,0
2015/12/2,16.56,16.56,16.56,16.56,0,0
2015/12/3,16.56,16.56,16.56,16.56,0,0
2015/12/4,16.56,16.56,16.56,16.56,0,0
2015/12/7,16.56,16.56,16.56,16.56,0,0
2015/12/8,16.56,16.56,16.56,16.56,0,0
2015/12/9,16.56,16.56,16.56,16.56,0,0
2015/12/10,16.56,16.56,16.56,16.56,0,0
2015/12/11,16.56,16.56,16.56,16.56,0,0
2015/12/14,16.56,16.56,16.56,16.56,0,0
2015/12/15,16.56,16.56,16.56,16.56,0,0
2015/12/16,16.56,16.56,16.56,16.56,0,0
2015/12/17,16.56,16.56,16.56,16.56,0,0
2015/12/18,16.56,16.56,16.56,16.56,0,0
2015/12/21,16.56,16.56,16.56,16.56,0,0
2015/12/22,16.56,16.56,16.56,16.56,0,0
2015/12/23,16.56,16.56,16.56,16.56,0,0
2015/12/24,16.56,16.56,16.56,16.56,0,0
2015/12/25,16.56,16.56,16.56,16.56,0,0
2015/12/28,16.56,16.56,16.56,16.56,0,0
2015/12/29,16.56,16.56,16.56,16.56,0,0
2015/12/30,16.56,16.56,16.56,16.56,0,0
2015/12/31,16.56,16.56,16.56,16.56,0,0
2016/1/4,16.56,16.56,16.56,16.56,0,0
2016/1/5,16.56,16.56,16.56,16.56,0,0
2016/1/6,15.18,17.67,18.22,15.15,74819272,1302419328
2016/1/7,17.8,16.87,18.87,16.51,25529660,461026240
2016/1/8,18.33,16.71,18.56,16.04,60326164,1066006784
2016/1/11,15.04,15.04,15.04,15.04,5802100,87263584
2016/1/12,13.54,13.54,14.1,13.54,47685224,648842688
2016/1/13,13.67,12.2,13.9,12.19,27857848,365285280
2016/1/14,11.6,12.9,12.9,11.12,24887782,298388640
2016/1/15,12.49,13.22,13.7,12.37,27431348,360932608
2016/1/18,12.28,13.14,13.59,12.28,24097824,312882784
2016/1/19,12.9,13.38,13.49,12.39,23884096,311046016
2016/1/20,13.12,13.29,13.8,13,22588636,302789056
2016/1/21,13,12.4,13.35,12.4,18460186,238590688
2016/1/22,12.8,12.84,12.85,11.64,14359452,176399472
2016/1/25,12.88,12.97,13.08,12.65,10651538,137347504
2016/1/26,12.8,11.7,12.83,11.67,11119383,135519440
2016/1/27,11.7,11.52,11.88,10.85,11611132,130603304
2016/1/28,11.4,10.93,11.84,10.73,7310313,83094744
2016/1/29,10.89,11.3,11.57,10.51,9110146,101433399.6
2016/2/1,11.28,11.4,11.5,11.02,7420432,83957051.99
2016/2/2,11.31,11.74,11.99,11.31,6926127,81420547.56
2016/2/3,11.65,12.1,12.33,11.62,8356696,101094826.3
2016/2/4,12.1,12.24,12.43,12,7938238,97023956.4
2016/2/5,12.24,11.96,12.29,11.92,5312542,64198332.38
2016/2/15,11.9,13.16,13.16,11.48,6530282,82905646.55
2016/2/16,14.43,14.48,14.48,14.01,19841958,285446440.6
2016/2/17,15,15.61,15.93,14.87,49023244,755588854.6
2016/2/18,15.1,14.86,15.39,14.83,35247293,530247484.2
2016/2/19,15,14.97,15.16,14.51,20333766,302599531.4
2016/2/22,15.15,15.04,15.25,14.8,19707815,295470802.2
2016/2/23,15,14.6,15,14.5,15269284,224269848.9
2016/2/24,14.6,14.91,15.26,14.6,18649147,278760701.3
2016/2/25,14.7,13.42,14.72,13.42,19749902,274465598.5
2016/2/26,13.37,12.73,13.55,12.36,14494339,185959856.9
2016/2/29,12.6,11.46,12.6,11.46,10380364,121782177.1
2016/3/1,11.2,11.98,12.3,11,10638798,123581408.2
2016/3/2,11.97,12.54,12.68,11.72,13233734,162064332.3
2016/3/3,12.49,12.49,13.13,12.33,14056703,178448169.7
2016/3/4,12.3,11.75,12.72,11.67,10940624,133171710.2
2016/3/7,11.76,12.39,12.55,11.76,8842616,108305115.9
2016/3/8,12.34,12.29,12.4,11.6,7694279,92508134.83
2016/3/9,12,12.55,12.86,11.81,13765514,171907544.1
2016/3/10,12.4,11.92,12.6,11.9,8645396,105378714.4
2016/3/11,11.78,11.99,12.01,11.62,4987294,59216308.62
2016/3/14,12.13,12.49,12.75,12.13,10303963,128545436.5
2016/3/15,12.5,12.36,12.56,12.28,7302747,90805103.36
2016/3/16,12.59,11.93,12.59,11.85,7833984,94738025.37
2016/3/17,11.94,12.48,12.61,11.93,10793205,133250579.4
2016/3/18,12.57,13.29,13.56,12.52,18017004,234064723.8
2016/3/21,13.31,13.68,13.69,13.02,25992615,347375811.3
2016/3/22,13.5,13.37,13.66,13.26,17356109,233351598.8
2016/3/23,13.3,13.47,13.5,13.2,11032461,147663400.5
2016/3/24,13.24,13.55,14.34,13.23,21581355,299269260.8
2016/3/25,13.62,13.86,13.91,13.37,13214031,180364907.5
2016/3/28,13.95,13.55,14.05,13.5,14207504,195458134.5
2016/3/29,13.5,12.79,13.6,12.68,11122882,145298804.3
2016/3/30,13,13.25,13.26,12.79,8505109,110865171.6
2016/3/31,13.34,13.25,13.59,13.15,9987067,133293435.4
2016/4/1,13.1,12.9,13.23,12.7,8330847,107799040.2
2016/4/5,12.9,13.14,13.18,12.7,10517787,136596257.6
2016/4/6,13.16,13.24,13.47,13.05,10523221,139699568.6
2016/4/7,13.24,12.73,13.4,12.71,10750095,139848906.5
2016/4/8,12.54,12.41,12.88,12.31,7354939,91826967.61
2016/4/11,12.42,12.85,13.04,12.42,8344123,106832163.7
2016/4/12,12.84,12.51,12.85,12.42,6130991,77068146.93
2016/4/13,12.65,12.73,12.94,12.64,7672685,98198101.93
2016/4/14,12.8,13.14,13.14,12.74,12435549,161768174.7
2016/4/15,13.18,13.2,13.47,13.16,12387597,164443924.5
2016/4/18,13.1,12.88,13.1,12.63,8752371,111948550.7
2016/4/19,13.04,12.75,13.04,12.66,5059191,64731542.2
2016/4/20,12.77,11.68,12.88,11.48,15294851,181808496
2016/4/21,11.6,11.29,11.8,11.21,7303654,84687326.35
2016/4/22,11.33,11.98,12.1,11.22,9341132,109190421.9
2016/4/25,11.75,11.64,11.86,11.5,4572473,53203527.27
2016/4/26,11.64,11.9,12.18,11.6,6125592,72996097.08
2016/4/27,11.9,11.78,12.05,11.69,4983091,59023888.46
2016/4/28,11.69,11.5,11.76,11.28,6605000,75687079.88
2016/4/29,11.46,11.67,11.73,11.36,4992002,57856264.75
2016/5/3,11.66,12.11,12.11,11.54,8025261,95341719.63
2016/5/4,12,12.04,12.19,11.93,6789999,81866685.66
2016/5/5,12.04,11.97,12.06,11.81,5597100,66677982.8
2016/5/6,11.98,11.56,12.04,11.51,6866773,80563989.6
2016/5/9,11.41,10.9,11.47,10.87,5575862,61998459.25
2016/5/10,10.9,10.88,11.14,10.8,3626260,39653392.23
2016/5/11,10.94,10.88,11.03,10.82,3798464,41426060.77
2016/5/12,10.82,10.56,10.82,10.32,6096311,63717701.13
2016/5/13,10.64,10.42,10.64,10.36,3652967,38270002.26
2016/5/16,10.4,10.79,10.85,10.2,6258454,66319200.16
2016/5/17,10.8,10.75,10.92,10.68,3702202,39996463.79
2016/5/18,10.65,10.38,10.65,10.3,3879900,40336058
2016/5/19,10.38,10.52,10.6,10.33,4437677,46638203.93
2016/5/20,10.38,10.57,10.6,10.38,3615687,37989532.51
2016/5/23,10.65,10.71,10.76,10.63,3581539,38346972.31
2016/5/24,10.71,10.57,10.74,10.54,2719525,28815631.85
2016/5/25,10.65,10.84,11.17,10.59,7219770,78085032.48
2016/5/26,10.79,10.77,10.86,10.52,4339083,46433662.65
2016/5/27,10.78,11.05,11.15,10.73,7265223,79791309.06
2016/5/30,11,11.15,11.21,10.8,6744106,74292754.98
2016/5/31,11.21,11.54,11.58,11.11,13222875,149989740.3
2016/6/1,11.51,11.34,11.54,11.32,9474198,108057145.1
2016/6/2,11.26,11.33,11.39,11.18,6385607,72115524.2
2016/6/3,11.27,11.3,11.48,11.2,6284033,71336889.82
2016/6/6,11.41,11.31,11.64,11.23,7163549,82093458.24
2016/6/7,11.32,11.27,11.5,11.23,6190389,70173676.23
2016/6/8,11.23,11.52,11.63,11.23,9383761,107602879.5
2016/6/13,11.25,10.97,11.78,10.97,9346412,106425183
2016/6/14,10.89,10.68,11.1,10.54,5398010,57892803.89
2016/6/15,10.49,10.91,10.98,10.43,6114091,66410600.17
2016/6/16,10.99,11.4,11.74,10.83,13768634,155453996.3
2016/6/17,11.35,11.32,11.54,11.23,6632864,75530806.64
2016/6/20,11.46,11.36,11.55,11.19,4377980,49504971
2016/6/21,11.42,11.26,11.46,11.01,6230026,69879124.57
2016/6/22,11.11,11.28,11.28,11.1,3266514,36561736.27
2016/6/23,11.26,11.07,11.27,10.98,4648781,51567514.56
2016/6/24,11.08,11.01,11.17,10.63,6355382,69538960.88
2016/6/27,10.72,11.04,11.1,10.72,4692078,51377707.82
2016/6/28,11.03,11.16,11.23,10.92,4915724,54675553.81
2016/6/29,11.16,11.18,11.22,11.09,5778153,64439376.67
2016/6/30,11.18,11.35,11.38,11.08,8993490,101106907
2016/7/1,11.35,11.29,11.55,11.25,6264964,71178894.54
2016/7/4,11.05,11.33,11.38,11.05,7233209,81502223.62
2016/7/5,11.31,11.86,11.94,11.29,17822711,207403236.4
2016/7/6,11.72,11.64,11.8,11.51,11673765,135602602.3
2016/7/7,11.6,11.67,11.72,11.35,10697953,123016363.7
2016/7/8,11.58,11.49,11.6,11.46,6013530,69207615.27
2016/7/11,11.5,11.41,11.64,11.41,11943695,137878962.4
2016/7/12,11.5,11.52,11.53,11.3,7237635,82630065.98
2016/7/13,11.53,11.62,11.63,11.34,16449421,188856664.6
2016/7/14,11.62,11.54,11.62,11.44,7892572,90742488.01
2016/7/15,11.52,11.69,11.86,11.5,12777162,149449268.7
2016/7/18,11.76,11.81,12.11,11.68,18229852,217167154
2016/7/19,11.7,11.63,11.79,11.46,10037114,116496997.6
2016/7/20,11.56,11.68,11.71,11.5,7522453,87212461.45
2016/7/21,11.6,11.57,11.68,11.53,5523389,64081382.75
2016/7/22,11.51,11.42,11.55,11.39,5480908,62784981.63
2016/7/25,11.38,11.37,11.5,11.28,5179843,58891954.6
2016/7/26,11.36,11.45,11.45,11.29,7381895,83903456.24
2016/7/27,11.39,10.56,11.43,10.5,13126621,143474388.5
2016/7/28,10.56,10.49,10.6,10.25,6791551,70896071.49
2016/7/29,10.39,10.4,10.5,10.33,3989372,41593992.16
2016/8/1,10.35,10.36,10.46,10.22,3938276,40707407.14
2016/8/2,10.31,10.39,10.47,10.3,3281886,34043012.3
2016/8/3,10.39,10.39,10.39,10.39,0,0
2016/8/4,10.39,10.39,10.39,10.39,0,0
2016/8/5,10.39,10.39,10.39,10.39,0,0
2016/8/8,10.39,10.39,10.39,10.39,0,0
2016/8/9,10.39,10.39,10.39,10.39,0,0
2016/8/10,9.99,10.43,10.68,9.82,32364418,327214065.9
2016/8/11,10.19,10.24,10.48,9.94,25360277,258730556.1
2016/8/12,10.2,10.08,10.25,9.97,15515702,156796852.5
2016/8/15,10.07,10.21,10.31,9.98,22004652,223002966.2
2016/8/16,10.2,10.19,10.25,10.12,12032744,122594317.3
2016/8/17,10.29,10.35,10.46,10.21,17569132,181191347.4
2016/8/18,10.35,10.22,10.35,10.2,10686203,109524205.3
2016/8/19,10.2,10.16,10.22,10.12,7146462,72570651.35
2016/8/22,10.18,10.16,10.22,10.14,6762309,68797974.41
2016/8/23,10.15,10.11,10.17,10.05,5849016,59071657.68
2016/8/24,10.12,10.21,10.27,10.06,7566800,77035401.82
2016/8/25,10.19,10.11,10.19,10.02,5976373,60196108.1
2016/8/26,10.11,10.09,10.16,10.07,5574351,56362562.71
2016/8/29,10.09,10.2,10.25,10.07,7463097,75864240.33
2016/8/30,10.24,10.18,10.3,10.16,4889935,49877224.45
2016/8/31,10.24,10.18,10.25,10.09,4911612,49894967.94
2016/9/1,10.2,10.11,10.23,10.11,5103189,51874779.95
2016/9/2,10.11,10.05,10.14,10.02,4681784,47129304.84
2016/9/5,10.05,10.19,10.19,10.03,5940857,60010033.64
2016/9/6,10.15,10.33,10.36,10.1,11529136,118539384.8
2016/9/7,10.4,10.94,11,10.37,26057126,280122280.6
2016/9/8,10.92,11,11.25,10.72,17023567,188040721.3
2016/9/9,10.91,10.89,11.14,10.83,7583996,82614299.39
2016/9/12,10.7,10.76,10.87,10.62,8875907,95548068.6
2016/9/13,10.86,10.78,10.95,10.65,6373788,68697029.72
2016/9/14,10.73,10.65,10.83,10.63,4459919,47940236.83
2016/9/19,10.65,11.1,11.18,10.65,10892950,119862407.7
2016/9/20,11.05,11.04,11.39,10.97,12386338,138492590.8
2016/9/21,11.04,11.42,11.51,10.95,16187900,183582860.8
2016/9/22,11.45,11.48,11.64,11.33,9914784,114074339.2
2016/9/23,11.44,11.64,11.74,11.44,8724846,101562029.4
2016/9/26,11.55,11.35,11.75,11.21,12401254,141857973
2016/9/27,11.28,11.35,11.45,11.11,6084982,68581135.69
2016/9/28,11.34,11.82,11.85,11.26,8438155,97758276.92
2016/9/29,11.72,11.69,11.94,11.59,10411550,122021743.9
2016/9/30,11.7,11.71,11.77,11.53,7680281,89408785.33
2016/10/10,11.8,11.81,12.05,11.67,11291587,133984891.3
2016/10/11,11.95,11.87,12,11.74,6327018,75111829.23
2016/10/12,11.9,11.73,12.07,11.68,11428703,135313300.1
2016/10/13,11.73,11.76,11.85,11.67,5098514,60004294.28
2016/10/14,11.77,11.78,11.88,11.69,3781249,44483069.14
2016/10/17,11.85,11.44,11.85,11.4,7512351,86892254.4
2016/10/18,11.44,11.63,11.63,11.41,4347190,50200252.93
2016/10/19,11.63,11.75,11.85,11.63,4841504,56788247.91
2016/10/20,11.65,12.03,12.05,11.65,7515058,89273663.65
2016/10/21,12.03,11.96,12.35,11.88,11639359,140856303
2016/10/24,11.91,12.24,12.28,11.87,8213120,99168957.15
2016/10/25,12.15,12.58,12.59,12.15,9463305,117941587.5
2016/10/26,12.64,12.56,12.7,12.43,5481245,68689183.4
2016/10/27,12.69,13.14,13.15,12.55,12611205,162526590.4
2016/10/28,13.15,13.02,13.28,12.96,10265385,134648642.6
2016/10/31,13.07,12.89,13.1,12.75,6756248,86926612.09
2016/11/1,12.91,12.99,13,12.81,4912708,63423295.99
2016/11/2,12.9,13.55,13.65,12.83,11320205,151688569.5
2016/11/3,13.64,13.58,14,13.4,12532221,172488216
2016/11/4,13.6,13.9,13.97,13.41,7546201,104346921.3
2016/11/7,13.95,13.74,14.4,13.69,8032129,111654678.7
2016/11/8,13.77,13.88,14.03,13.77,5153614,71646404.68
2016/11/9,13.89,13.82,13.98,13.45,8908175,122886018.6
2016/11/10,13.94,13.93,14.21,13.82,6181938,86472597.88
2016/11/11,14,13.88,14.08,13.8,5299914,73581018.08
2016/11/14,13.99,13.4,13.99,13.36,9025378,123008265.8
2016/11/15,13.46,13.9,13.92,13.37,7113665,97226502.17
2016/11/16,14.11,15.29,15.29,13.94,13282727,193185777.2
2016/11/17,15.32,15.26,15.5,14.85,14053486,212737632.7
2016/11/18,15.44,15.03,15.44,14.9,10351093,156611204.5
2016/11/21,15.2,14.69,15.2,14.63,11196785,165620873.5
2016/11/22,14.61,14.94,15.18,14.6,10027983,149254166.7
2016/11/23,15,14.9,15.25,14.74,6318794,94781496.13
2016/11/24,14.85,14.87,15.04,14.74,5053626,75129411.73
2016/11/25,14.88,14.9,14.99,14.55,4790425,70760984.22
2016/11/28,14.9,14.73,15.09,14.7,4605284,68390641.44
2016/11/29,14.68,14.62,14.81,14.4,6141550,89576014.24
2016/11/30,14.58,14.45,14.69,14.42,4225031,61546592.77
2016/12/1,14.45,14.13,14.58,13.98,8594136,121326849.7
2016/12/2,14.19,13.65,14.32,13.54,7345885,101412332.3
2016/12/5,13.47,13.75,14.1,13.35,4928133,67654346.99
2016/12/6,14.1,14.05,14.17,13.87,4524273,63587417.86
2016/12/7,14.05,14.13,14.27,14.05,4289733,60801545.63
2016/12/8,14.15,14.09,14.27,14.04,4237359,60055323.42
2016/12/9,14.15,14.03,14.22,13.96,4187016,59019605
2016/12/12,13.97,13.51,14.21,13.47,6300000,87225187
2016/12/13,13.75,13.75,13.87,13.4,4703745,64190385.5
2016/12/14,13.7,13.7,13.89,13.63,2647509,36396978
2016/12/15,13.65,14.47,14.6,13.57,8167042,116923652.2
2016/12/16,14.38,14.43,14.86,14.37,6194583,90500545.79
2016/12/19,14.5,14.15,14.5,14.13,4755020,67776010.68
2016/12/20,14.43,13.75,14.43,13.68,6354497,88474410.49
2016/12/21,13.7,13.88,14.03,13.7,3579066,49541587.86
2016/12/22,13.88,13.81,13.9,13.5,5201964,71136228.89
2016/12/23,13.84,13.78,13.96,13.69,2954600,40758708
2016/12/26,13.67,13.7,13.78,13.51,4082607,55641852.25
2016/12/27,13.78,13.97,14.13,13.74,3122061,43580913.15
2016/12/28,14.05,13.87,14.05,13.7,2582068,35747017.25
2016/12/29,13.93,13.88,14.25,13.72,3089197,43382350.21
2016/12/30,13.9,14.03,14.05,13.87,2331095,32552557.15
2017/1/3,13.96,14.07,14.15,13.9,3068728,43085218.08
2017/1/4,14.1,14.07,14.13,13.92,3276136,46035030.01
2017/1/5,14.03,13.87,14.1,13.8,4174408,58182161.26
2017/1/6,13.97,13.76,13.97,13.75,2897088,40106557.04
2017/1/9,13.65,14.14,14.15,13.6,7170184,99822425.69
2017/1/10,14.14,14.06,14.39,13.96,4798804,68116632.68
2017/1/11,14.06,13.92,14.17,13.7,3023802,42424855.73
2017/1/12,13.91,14,14.04,13.79,2697683,37455777.23
2017/1/13,14,13.98,14.16,13.97,3815527,53676650.81
2017/1/16,13.92,13.25,14.07,12.62,6773138,91320148.67
2017/1/17,13,13.28,13.36,12.9,2989710,39210366.34
2017/1/18,13.36,13.51,13.65,13.15,2901037,39080276.65
2017/1/19,13.6,13.98,14.17,13.45,5575718,77342630.69
2017/1/20,13.98,14.14,14.38,13.97,5101320,72363444.96
2017/1/23,14.14,14.72,14.8,14.14,7264811,105611714
2017/1/24,14.73,14.52,14.92,14.42,5596628,81749525.48
2017/1/25,14.6,14.79,14.85,14.46,4266629,62941898.75
2017/1/26,14.79,14.79,14.88,14.66,2365673,35000621.56
2017/2/3,14.79,14.79,14.79,14.79,0,0
2017/2/6,14.79,14.79,14.79,14.79,0,0
2017/2/7,14.79,14.79,14.79,14.79,0,0
2017/2/8,14.79,14.79,14.79,14.79,0,0
2017/2/9,14.79,14.79,14.79,14.79,0,0
2017/2/10,14.79,14.79,14.79,14.79,0,0
2017/2/13,14.79,14.79,14.79,14.79,0,0
2017/2/14,14.79,14.79,14.79,14.79,0,0
2017/2/15,14.79,14.79,14.79,14.79,0,0
2017/2/16,14.79,14.79,14.79,14.79,0,0
2017/2/17,14.79,14.79,14.79,14.79,0,0
2017/2/20,14.79,14.79,14.79,14.79,0,0
2017/2/21,14.79,14.79,14.79,14.79,0,0
2017/2/22,14.79,14.79,14.79,14.79,0,0
2017/2/23,14.79,14.79,14.79,14.79,0,0
2017/2/24,14.79,14.79,14.79,14.79,0,0
2017/2/27,14.79,14.79,14.79,14.79,0,0
2017/2/28,14.79,14.79,14.79,14.79,0,0
2017/3/1,14.79,14.79,14.79,14.79,0,0
2017/3/2,14.79,14.79,14.79,14.79,0,0
2017/3/3,14.79,14.79,14.79,14.79,0,0
2017/3/6,14.79,14.79,14.79,14.79,0,0
2017/3/7,14.79,14.79,14.79,14.79,0,0
2017/3/8,14.79,14.79,14.79,14.79,0,0
2017/3/9,14.79,14.79,14.79,14.79,0,0
2017/3/10,14.79,14.79,14.79,14.79,0,0
2017/3/13,14.79,14.79,14.79,14.79,0,0
2017/3/14,14.79,14.79,14.79,14.79,0,0
2017/3/15,14.79,14.79,14.79,14.79,0,0
2017/3/16,14.79,14.79,14.79,14.79,0,0
2017/3/17,14.79,14.79,14.79,14.79,0,0
2017/3/20,14.79,14.79,14.79,14.79,0,0
2017/3/21,14.79,14.79,14.79,14.79,0,0
2017/3/22,14.79,14.79,14.79,14.79,0,0
2017/3/23,14.79,14.79,14.79,14.79,0,0
2017/3/24,14.79,14.79,14.79,14.79,0,0
2017/3/27,14.79,14.79,14.79,14.79,0,0
2017/3/28,14.79,14.79,14.79,14.79,0,0
2017/3/29,14.79,14.79,14.79,14.79,0,0
2017/3/30,14.79,14.79,14.79,14.79,0,0
2017/3/31,14.79,14.79,14.79,14.79,0,0
2017/4/5,14.79,14.79,14.79,14.79,0,0
2017/4/6,14.79,14.79,14.79,14.79,0,0
2017/4/7,14.79,14.79,14.79,14.79,0,0
2017/4/10,14.79,14.79,14.79,14.79,0,0
2017/4/11,14.79,14.79,14.79,14.79,0,0
2017/4/12,14.79,14.79,14.79,14.79,0,0
2017/4/13,14.79,14.79,14.79,14.79,0,0
2017/4/14,14.79,14.79,14.79,14.79,0,0
2017/4/17,14.79,14.79,14.79,14.79,0,0
2017/4/18,14.79,14.79,14.79,14.79,0,0
2017/4/19,14.79,14.79,14.79,14.79,0,0
2017/4/20,14.79,14.79,14.79,14.79,0,0
2017/4/21,14.79,14.79,14.79,14.79,0,0
2017/4/24,14.79,14.79,14.79,14.79,0,0
2017/4/25,14.79,14.79,14.79,14.79,0,0
2017/4/26,14.79,14.79,14.79,14.79,0,0
2017/4/27,13.31,13.31,13.79,13.31,6129618,81722943.58
2017/4/28,12,11.98,12.8,11.98,14924129,182033521.3
2017/5/2,11.97,11.36,12.16,11.01,13170955,152897757.3
2017/5/3,11.4,11.37,11.48,11.11,5078877,57192307.72
2017/5/4,11.37,11.14,11.53,11.14,4664750,52770590.72
2017/5/5,11.22,11.01,11.26,11.01,2713105,30167750.1
2017/5/8,11.1,10.38,11.14,10.38,4564771,48688717.07
2017/5/9,10.38,10.4,10.57,10.31,3011742,31376830.26
2017/5/10,10.37,9.94,10.46,9.85,3572357,36451571.26
2017/5/11,9.96,9.25,9.96,8.95,7650167,71062552.25
2017/5/12,9.28,9.12,9.36,8.99,4111264,37596580.53
2017/5/15,9.2,9.18,9.29,9.12,3041899,27998230.12
2017/5/16,9.15,9.36,9.41,9.09,4050964,37422318.08
2017/5/17,9.31,9.95,9.95,9.27,7110881,69116941.74
2017/5/18,9.88,10.35,10.5,9.72,8484800,87199627.9
2017/5/19,10.35,10.21,10.35,10,4369660,44461476.86
2017/5/22,10.09,10.05,10.25,9.8,2909600,29106174
2017/5/23,10.02,9.87,10.16,9.85,3524730,35348096.6
2017/5/24,9.86,9.87,10,9.32,2139931,20647480.12
2017/5/25,9.87,9.76,9.93,9.6,2046821,19999859.99
2017/5/26,9.72,9.86,10.1,9.72,2053701,20366401.84
2017/5/31,10.02,10.2,10.28,9.92,3635023,36885636.37
2017/6/1,10.2,10,10.25,10,2839802,28732844.08
2017/6/2,9.96,10.06,10.07,9.78,2108480,20986709.22
2017/6/5,10.14,10.11,10.22,10.06,2371448,24089204.61
2017/6/6,10.11,10.12,10.19,10.06,1375670,13929329.95
2017/6/7,10.13,10.3,10.33,10.09,2695215,27545121.36
2017/6/8,10.3,9.98,10.33,9.98,2348490,24000334.71
2017/6/9,10.1,10.02,10.1,9.76,2785771,27622635.42
2017/6/12,9.95,9.68,10.12,9.68,2471530,24397730.7
2017/6/13,9.68,9.72,9.81,9.62,2383241,23184393.53
2017/6/14,9.73,9.66,9.77,9.56,1941110,18755339.96
2017/6/15,9.63,9.65,9.79,9.46,3648212,35099106.54
2017/6/16,9.69,9.47,9.74,9.46,4206251,40171382.42
2017/6/19,9.5,9.63,9.64,9.5,2528231,24240471.9
2017/6/20,9.68,9.51,9.79,9.5,3908810,37607856.95
2017/6/21,9.52,9.49,9.58,9.33,2912588,27476003.68
2017/6/22,9.49,9.31,9.64,9.31,5871049,55918984.26
2017/6/23,9.15,9.34,9.4,9.15,2679018,24794677.32
2017/6/26,9.3,9.31,9.4,9.06,4260070,39629239.63
2017/6/27,9.31,9.35,9.38,9.23,2140069,19904215.54
2017/6/28,9.33,9.16,9.33,9.14,2106300,19433761
2017/6/29,9.16,9.09,9.24,9.02,3281461,29831898.68
2017/6/30,9.09,8.56,9.09,8.47,8906738,77361739.31
2017/7/3,8.5,8.6,8.61,8.45,3361280,28767469
2017/7/4,8.6,8.57,8.69,8.54,2705843,23262595.65
2017/7/5,8.55,8.6,8.6,8.45,3190535,27227877.95
2017/7/6,8.6,8.54,8.65,8.52,3828800,32887728
2017/7/7,8.61,8.6,8.64,8.53,2613213,22427928.26
2017/7/10,8.61,8.37,8.64,8.3,4193544,35507263.27
2017/7/11,8.33,8.08,8.36,8.07,4283421,35269266.67
2017/7/12,8.08,8.89,8.89,7.78,16589716,141751542.7
2017/7/13,8.96,9.11,9.36,8.9,17383210,158604188.5
2017/7/14,9,8.8,9.06,8.8,7372690,65599122.2
2017/7/17,8.85,9.04,9.3,8.72,14316183,129318465.8
2017/7/18,8.89,9.6,9.88,8.18,18894612,173001846.5
2017/7/19,9.32,9.54,9.64,9.21,13122719,124309772.3
2017/7/20,9.36,9.39,9.86,9.36,11987415,114977258.2
2017/7/21,9.34,9.34,9.58,9.22,7256533,67835255.46
2017/7/24,9.28,9.24,9.44,9.1,5802884,53680471.34
2017/7/25,9.11,9.4,9.45,8.9,8342834,77511773.94
2017/7/26,9.2,9.14,9.45,9.07,5873492,54018408.1
2017/7/27,9.12,9.28,9.41,9.07,6357798,59102832.6
2017/7/28,9.3,9.12,9.36,9.1,4957023,45322238.24
2017/7/31,9.16,9.05,9.2,9,4128475,37466525.72
2017/8/1,9.15,8.69,9.15,8.68,7494765,66131730.88
2017/8/2,8.64,8.62,8.83,8.6,3720902,32211210.3
2017/8/3,8.62,8.53,8.67,8.48,3391900,29113977.76
2017/8/4,8.55,8.41,8.58,8.41,2694274,22881678.48
2017/8/7,8.4,8.63,8.63,8.37,2755360,23479950.82
2017/8/8,8.68,8.51,8.69,8.45,2943774,25095996.57
2017/8/9,8.51,8.68,9.08,8.45,6332862,55395813.12
2017/8/10,8.7,8.52,8.73,8.46,3753262,32188544.88
2017/8/11,8.48,8.48,8.58,8.42,2025541,17186176.42
2017/8/14,8.44,8.53,8.6,8.44,2159467,18418618.93
2017/8/15,8.55,8.69,8.89,8.54,5306767,46168792.77
2017/8/16,8.65,8.68,8.78,8.65,2486200,21621106.6
2017/8/17,8.67,8.76,8.81,8.63,3609499,31467886.05
2017/8/18,8.73,9.06,9.12,8.69,7227343,64926536.05
2017/8/21,9.06,8.99,9.14,8.91,3609943,32484282.43
2017/8/22,9,8.78,9.03,8.75,3508800,30973652.76
2017/8/23,8.78,8.94,8.96,8.73,3267740,28884363.8
2017/8/24,8.99,8.61,8.99,8.58,4026700,35217154
2017/8/25,8.67,8.63,8.8,8.55,2912272,25131862.96
2017/8/28,8.6,8.66,8.71,8.6,4177460,36137753.2
2017/8/29,8.66,8.54,8.69,8.51,3566208,30678498.62
2017/8/30,8.49,8.43,8.56,8.42,4490335,38072384.4
2017/8/31,8.4,8.6,8.62,8.3,3671476,31066831.6
2017/9/1,8.6,8.62,8.69,8.54,3376602,29135409.22
2017/9/4,8.57,8.64,8.67,8.42,3714174,31730248.13
2017/9/5,8.63,8.56,8.65,8.51,2597632,22294340.1
2017/9/6,8.5,8.58,8.61,8.48,2595241,22147765.84
2017/9/7,8.57,8.92,9.1,8.52,9089495,80424348.51
2017/9/8,8.93,8.98,9.05,8.8,4103714,36578334.48
2017/9/11,8.98,9.18,9.48,8.9,7450015,68894664.64
2017/9/12,9.19,9.29,9.46,9.08,7264790,67404605.5
2017/9/13,9.29,9.19,9.33,9.16,3830716,35294274.34
2017/9/14,9.19,9.44,9.46,9.19,5507080,51446744.11
2017/9/15,9.44,9.27,9.47,9.12,4634982,43176797.86
2017/9/18,9.36,9.22,9.65,9.21,5918865,55714989.1
2017/9/19,9.2,9.1,9.35,8.99,5719596,52265920.92
2017/9/20,9.1,9.1,9.1,9.1,0,0
2017/9/21,9.1,9.1,9.1,9.1,0,0
2017/9/22,9.1,9.1,9.1,9.1,0,0
2017/9/25,9.1,9.1,9.1,9.1,0,0
2017/9/26,9.1,9.1,9.1,9.1,0,0
2017/9/27,9.1,9.1,9.1,9.1,0,0
2017/9/28,9.1,9.1,9.1,9.1,0,0
2017/9/29,9.1,9.1,9.1,9.1,0,0
2017/10/9,9.1,9.1,9.1,9.1,0,0
2017/10/10,9.1,9.1,9.1,9.1,0,0
2017/10/11,9.1,9.1,9.1,9.1,0,0
2017/10/12,9.1,9.1,9.1,9.1,0,0
2017/10/13,9.1,9.1,9.1,9.1,0,0
2017/10/16,9.1,9.1,9.1,9.1,0,0
2017/10/17,9.1,9.1,9.1,9.1,0,0
2017/10/18,9.1,9.1,9.1,9.1,0,0
2017/10/19,9.1,9.1,9.1,9.1,0,0
2017/10/20,9.1,9.1,9.1,9.1,0,0
2017/10/23,9.1,9.1,9.1,9.1,0,0
2017/10/24,9.1,9.1,9.1,9.1,0,0
2017/10/25,9.1,9.1,9.1,9.1,0,0
2017/10/26,9.1,9.1,9.1,9.1,0,0
2017/10/27,9.1,9.1,9.1,9.1,0,0
2017/10/30,9.1,9.1,9.1,9.1,0,0
2017/10/31,9.1,9.1,9.1,9.1,0,0
2017/11/1,9.1,9.1,9.1,9.1,0,0
2017/11/2,9.1,9.1,9.1,9.1,0,0
2017/11/3,9.1,9.1,9.1,9.1,0,0
2017/11/6,9.1,9.1,9.1,9.1,0,0
2017/11/7,9.1,9.1,9.1,9.1,0,0
2017/11/8,9.1,9.1,9.1,9.1,0,0
2017/11/9,9.1,9.1,9.1,9.1,0,0
2017/11/10,9.1,9.1,9.1,9.1,0,0
2017/11/13,9.1,9.1,9.1,9.1,0,0
2017/11/14,9.1,9.1,9.1,9.1,0,0
2017/11/15,9.1,9.1,9.1,9.1,0,0
2017/11/16,9.1,9.1,9.1,9.1,0,0
2017/11/17,9.1,9.1,9.1,9.1,0,0
2017/11/20,9.1,9.1,9.1,9.1,0,0
2017/11/21,9.1,9.1,9.1,9.1,0,0
2017/11/22,9.1,9.1,9.1,9.1,0,0
2017/11/23,9.1,9.1,9.1,9.1,0,0
2017/11/24,9.1,9.1,9.1,9.1,0,0
2017/11/27,9.1,9.1,9.1,9.1,0,0
2017/11/28,9.1,9.1,9.1,9.1,0,0
2017/11/29,9.1,9.1,9.1,9.1,0,0
2017/11/30,9.1,9.1,9.1,9.1,0,0
2017/12/1,9.1,9.1,9.1,9.1,0,0
2017/12/4,9.1,9.1,9.1,9.1,0,0
2017/12/5,9.1,9.1,9.1,9.1,0,0
2017/12/6,9.1,9.1,9.1,9.1,0,0
2017/12/7,9.1,9.1,9.1,9.1,0,0
2017/12/8,9.1,9.1,9.1,9.1,0,0
2017/12/11,9.1,9.1,9.1,9.1,0,0
2017/12/12,9.1,9.1,9.1,9.1,0,0
2017/12/13,9.1,9.1,9.1,9.1,0,0
2017/12/14,9.1,9.1,9.1,9.1,0,0
2017/12/15,9.1,9.1,9.1,9.1,0,0
2017/12/18,9.1,9.1,9.1,9.1,0,0
2017/12/19,9.1,9.1,9.1,9.1,0,0
2017/12/20,9.1,9.1,9.1,9.1,0,0
2017/12/21,9.1,9.1,9.1,9.1,0,0
2017/12/22,9.1,9.1,9.1,9.1,0,0
2017/12/25,9.1,9.1,9.1,9.1,0,0
2017/12/26,9.1,9.1,9.1,9.1,0,0
2017/12/27,9.1,9.1,9.1,9.1,0,0
2017/12/28,9.1,9.1,9.1,9.1,0,0
2017/12/29,9.1,9.1,9.1,9.1,0,0
2018/1/2,9.1,9.1,9.1,9.1,0,0
2018/1/3,9.1,9.1,9.1,9.1,0,0
2018/1/4,9.1,9.1,9.1,9.1,0,0
2018/1/5,9.1,9.1,9.1,9.1,0,0
2018/1/8,9.1,9.1,9.1,9.1,0,0
2018/1/9,9.1,9.1,9.1,9.1,0,0
2018/1/10,9.1,9.1,9.1,9.1,0,0
2018/1/11,9.1,9.1,9.1,9.1,0,0
2018/1/12,9.1,9.1,9.1,9.1,0,0
2018/1/15,9.1,9.1,9.1,9.1,0,0
2018/1/16,9.1,9.1,9.1,9.1,0,0
2018/1/17,9.1,9.1,9.1,9.1,0,0
2018/1/18,9.1,9.1,9.1,9.1,0,0
2018/1/19,9.1,9.1,9.1,9.1,0,0
2018/1/22,9.1,9.1,9.1,9.1,0,0
2018/1/23,9.1,9.1,9.1,9.1,0,0
2018/1/24,9.1,9.1,9.1,9.1,0,0
2018/1/25,9.1,9.1,9.1,9.1,0,0
2018/1/26,9.1,9.1,9.1,9.1,0,0
2018/1/29,9.1,9.1,9.1,9.1,0,0
2018/1/30,9.1,9.1,9.1,9.1,0,0
2018/1/31,9.1,9.1,9.1,9.1,0,0
2018/2/1,9.1,9.1,9.1,9.1,0,0
2018/2/2,9.1,9.1,9.1,9.1,0,0
2018/2/5,9.1,9.1,9.1,9.1,0,0
2018/2/6,9.1,9.1,9.1,9.1,0,0
2018/2/7,9.1,9.1,9.1,9.1,0,0
2018/2/8,9.1,9.1,9.1,9.1,0,0
2018/2/9,9.1,9.1,9.1,9.1,0,0
2018/2/12,9.1,9.1,9.1,9.1,0,0
2018/2/13,9.1,9.1,9.1,9.1,0,0
2018/2/14,9.1,9.1,9.1,9.1,0,0
2018/2/22,9.1,9.1,9.1,9.1,0,0
2018/2/23,9.1,9.1,9.1,9.1,0,0
2018/2/26,9.1,9.1,9.1,9.1,0,0
2018/2/27,9.1,9.1,9.1,9.1,0,0
2018/2/28,9.1,9.1,9.1,9.1,0,0
2018/3/1,9.1,9.1,9.1,9.1,0,0
2018/3/2,9.1,9.1,9.1,9.1,0,0
2018/3/5,9.1,9.1,9.1,9.1,0,0
2018/3/6,9.1,9.1,9.1,9.1,0,0
2018/3/7,9.1,9.1,9.1,9.1,0,0
2018/3/8,9.1,9.1,9.1,9.1,0,0
2018/3/9,9.1,9.1,9.1,9.1,0,0
2018/3/12,9.1,9.1,9.1,9.1,0,0
2018/3/13,9.1,9.1,9.1,9.1,0,0
2018/3/14,9.1,9.1,9.1,9.1,0,0
2018/3/15,9.1,9.1,9.1,9.1,0,0
2018/3/16,9.1,9.1,9.1,9.1,0,0
2018/3/19,9.1,9.1,9.1,9.1,0,0
2018/3/20,9.1,9.1,9.1,9.1,0,0
2018/3/21,9.1,9.1,9.1,9.1,0,0
2018/3/22,9.1,9.1,9.1,9.1,0,0
2018/3/23,9.1,9.1,9.1,9.1,0,0
2018/3/26,9.1,9.1,9.1,9.1,0,0
2018/3/27,9.1,9.1,9.1,9.1,0,0
2018/3/28,9.1,9.1,9.1,9.1,0,0
2018/3/29,9.1,9.1,9.1,9.1,0,0
2018/3/30,9.1,9.1,9.1,9.1,0,0
2018/4/2,9.1,9.1,9.1,9.1,0,0
2018/4/3,10.01,8.95,10.01,8.89,64315103,618769410.4
2018/4/4,8.66,8.06,8.73,8.06,48538171,399475975.8
2018/4/9,7.6,7.25,7.68,7.25,38988335,286502870.6
2018/4/10,6.53,6.53,6.67,6.53,25509698,166989789.5
2018/4/11,6.1,6.03,6.25,5.9,44502562,270634737.4
2018/4/12,6.01,5.99,6.14,5.91,25618240,153963350.2
2018/4/13,5.92,5.82,6.01,5.75,20645120,121527651.6
2018/4/16,5.84,5.63,5.86,5.56,18062345,102485823.5
2018/4/17,5.66,5.56,5.76,5.56,14829535,83958010.37
2018/4/18,5.59,5.47,5.61,5.36,13618640,74553459.8
2018/4/19,5.47,5.53,5.58,5.44,11090256,61103944.88
2018/4/20,5.54,5.45,5.83,5.45,16665700,93673866.32
2018/4/23,5.37,5.18,5.37,5.04,14346989,74340865.65
2018/4/24,5.23,5.27,5.31,5.14,10456823,54713697.25
2018/4/25,5.23,5.12,5.29,5.08,11515671,59535587.53
2018/4/26,5.13,4.94,5.13,4.9,13110536,65759561
2018/4/27,4.95,4.95,4.99,4.87,9810185,48482122.82
2018/5/2,4.93,4.76,4.97,4.73,10416350,50190526.27
2018/5/3,4.77,4.88,4.9,4.73,10966536,52821544.24
2018/5/4,4.89,4.79,4.92,4.76,7181885,34670570.27
2018/5/7,4.8,4.96,4.97,4.8,10574970,51924678.49
2018/5/8,4.96,5.06,5.14,4.89,15067015,75605864.09
2018/5/9,5.03,5.06,5.14,5.01,9517032,48320293.87
2018/5/10,5.1,5.21,5.32,5.08,13853995,72326253.08
2018/5/11,5.19,5.16,5.29,5.16,10477100,54750514
2018/5/14,5.19,5.17,5.26,5.13,6407900,33184537
2018/5/15,5.19,5.09,5.19,4.98,8713994,44266008.93
2018/5/16,5.1,5.29,5.47,5.07,12266383,64558911.25
2018/5/17,5.26,5.33,5.43,5.22,8739570,46496454.2
2018/5/18,5.28,5.26,5.32,5.22,5235800,27581714
2018/5/21,5.24,5.27,5.32,5.24,4453701,23492042.27
2018/5/22,5.37,5.42,5.79,5.37,13290479,73659343.18
2018/5/23,5.36,5.52,5.78,5.27,15730181,86628160.81
2018/5/24,5.39,5.46,5.54,5.38,8697519,47375555.3
2018/5/25,5.55,5.35,5.55,5.31,5883924,31757939.68
2018/5/28,5.26,5.11,5.32,5.11,4978774,25928686.1
2018/5/29,5.08,5.16,5.26,5.07,4512737,23285429.79
2018/5/30,4.99,4.83,5.08,4.82,6370360,31683849
2018/5/31,4.88,5.02,5.03,4.87,5620901,27925077.94
2018/6/1,4.98,4.99,5.24,4.92,5495703,27950426.38
2018/6/4,4.98,4.77,5.07,4.75,5001722,24461078.36
2018/6/5,4.79,4.92,4.94,4.75,3600824,17505291.16
2018/6/6,4.92,4.87,4.97,4.85,3113225,15279767.01
2018/6/7,4.88,4.85,4.92,4.8,2836073,13820847.51
2018/6/8,4.83,4.73,4.88,4.64,5037922,23868267.47
2018/6/11,4.73,4.53,4.73,4.52,4439860,20494364.8
2018/6/12,4.56,4.61,4.63,4.45,3544627,16175736.66
2018/6/13,4.61,4.41,4.66,4.4,4109117,18545837.58
2018/6/14,4.4,4.35,4.48,4.32,3483805,15316043.75
2018/6/15,4.37,4.21,4.46,4.16,4871235,21008725.45
2018/6/19,4.16,3.79,4.22,3.79,6472548,25767343.94
2018/6/20,3.85,3.87,3.95,3.8,6038630,23352068.9
2018/6/21,3.89,3.75,3.93,3.69,7707073,29227088.66
2018/6/22,3.68,3.85,3.87,3.64,7582192,28593997.79
2018/6/25,3.87,3.74,3.89,3.72,8019006,30454636.31
2018/6/26,3.72,3.9,4.11,3.65,16229494,63781777.34
2018/6/27,3.88,3.84,3.92,3.76,10528661,40303045.51
2018/6/28,3.85,3.76,3.93,3.73,7735821,29654990
2018/6/29,3.77,3.97,4.1,3.72,9997278,38742039.64
2018/7/2,3.97,4,4.18,3.89,11424475,45557421.6
2018/7/3,3.97,4.03,4.05,3.91,6631429,26430316.18
2018/7/4,3.99,3.94,4.02,3.85,5879820,23004613.2
2018/7/5,3.88,3.74,3.91,3.73,5395700,20657127
2018/7/6,3.78,3.7,3.81,3.58,5881819,21747932.56
2018/7/9,3.83,4.07,4.07,3.79,5492637,21884198.06
2018/7/10,4.2,4.11,4.36,4.1,24194737,101672648.7
2018/7/11,4.03,3.96,4.1,3.84,13648079,54159055.15
2018/7/12,3.98,4.1,4.18,3.96,14681800,59906522.21
2018/7/13,4.08,4.12,4.29,4.05,10670200,44422905.51
2018/7/16,4.08,4.05,4.14,4.01,7094927,28767528.77
2018/7/17,4.02,4.13,4.18,4,9015827,36989554.31
2018/7/18,4.14,4.18,4.27,4.11,11639735,48787994.3
2018/7/19,4.25,4.04,4.25,3.99,9097820,37292188.5
2018/7/20,4.03,4.15,4.16,3.96,9296871,38056508.3
2018/7/23,4.15,4.17,4.21,4.12,7734021,32171351.28
2018/7/24,4.17,4.22,4.24,4.09,7604522,31757714.61
2018/7/25,4.23,4.21,4.28,4.17,6336194,26698502.2
2018/7/26,4.2,4.63,4.63,4.13,20964986,94894060.18
2018/7/27,4.55,4.66,4.97,4.33,35484462,161500221.2
2018/7/30,4.5,4.39,4.55,4.32,13683274,60940230.78
2018/7/31,4.37,4.43,4.45,4.32,7086127,31130737.78
2018/8/1,4.42,4.22,4.42,4.21,7847071,33972993.8
2018/8/2,4.22,4.01,4.24,3.94,9735725,39269562.5
2018/8/3,3.99,4.02,4.08,3.97,5516405,22243778.15
2018/8/6,3.96,4.09,4.31,3.96,8568763,35319435.08
2018/8/7,4.05,4.18,4.18,4.05,5371208,22158995.99
2018/8/8,4.15,4.07,4.22,4.07,5935119,24570224.83
2018/8/9,4,4.12,4.17,3.99,4845396,19967224.7
2018/8/10,4.12,4.21,4.3,4.1,6885522,28912397.44
2018/8/13,4.15,4.3,4.32,4.05,9752701,41366445.28
2018/8/14,4.38,4.31,4.59,4.3,17009000,75433479.52
2018/8/15,4.23,4.4,4.54,4.16,17113901,74797101.56
2018/8/16,4.26,4.84,4.84,4.26,48228402,228795224.3
2018/8/17,5.32,4.92,5.32,4.73,75246940,378896995.6
2018/8/20,4.64,4.43,4.68,4.43,47138866,211964584.8
2018/8/21,4.35,4.46,4.46,4.31,27087045,118696869.9
2018/8/22,4.39,4.29,4.45,4.26,17487700,76074499.58
2018/8/23,4.25,4.17,4.29,4.1,18763429,78669030.51
2018/8/24,4.16,4.12,4.22,4.11,10853800,45123853
2018/8/27,4.11,4.16,4.19,4.11,10080126,41924855.68
2018/8/28,4.25,4.17,4.29,4.15,10925923,45947240.22
2018/8/29,4.15,4.08,4.15,4.04,12158840,49666435.2
2018/8/30,4.1,3.95,4.1,3.95,9488522,37998186.56
2018/8/31,3.95,3.88,3.96,3.88,7024822,27507068.46
2018/9/3,3.89,3.83,3.89,3.7,9111800,34353818.6
2018/9/4,3.81,3.91,3.92,3.79,7706126,29839361.88
2018/9/5,3.91,3.89,4.02,3.87,9100326,35726555.4
2018/9/6,3.84,3.86,3.91,3.81,5655701,21824181.82
2018/9/7,3.87,3.94,4.01,3.87,7256300,28565186
2018/9/10,3.96,3.9,3.97,3.86,5129928,20090000.44
2018/9/11,3.96,3.98,4.04,3.93,8037353,32058286.53
2018/9/12,3.96,3.94,4.01,3.91,6132400,24293040
2018/9/13,3.96,3.93,3.99,3.89,4966375,19498391.16
2018/9/14,3.94,3.83,3.94,3.83,5489020,21259309
2018/9/17,3.84,3.7,3.84,3.69,4021500,15171020.77
2018/9/18,3.7,3.79,3.8,3.7,3334702,12546127.58
2018/9/19,3.77,3.83,3.85,3.77,5248425,20055039.27
2018/9/20,3.83,3.86,3.91,3.8,4399802,17008446.78
2018/9/21,3.89,4.02,4.22,3.88,14711230,59289622.03
2018/9/25,3.97,3.95,4,3.94,6536826,25918690.22
2018/9/26,3.95,3.94,4,3.87,6021740,23781016.6
2018/9/27,3.97,3.83,3.97,3.82,6715829,25955587.07
2018/9/28,3.85,3.84,3.87,3.82,3730031,14336519.58
2018/10/8,3.78,3.67,3.79,3.67,4827300,18009978
2018/10/9,3.7,3.69,3.75,3.67,2821708,10466058.62
2018/10/10,3.69,3.67,3.74,3.61,3927129,14403191.27
2018/10/11,3.48,3.3,3.51,3.3,7916840,26736168.4
2018/10/12,3.26,3.15,3.29,3.01,9408440,29504329
2018/10/15,3.17,3.09,3.21,3.08,3287516,10375157.44
2018/10/16,3.12,3.06,3.15,3.02,3710742,11451601.42
2018/10/17,3.13,3.12,3.13,3.03,3750722,11585952.76
2018/10/18,3.09,2.96,3.09,2.95,5335400,16092552.78
2018/10/19,2.9,3.03,3.05,2.85,3870320,11548896.8
2018/10/22,3.33,3.33,3.33,3.33,1564100,5208453
2018/10/23,3.66,3.66,3.66,3.66,1430800,5236728
2018/10/24,4.03,4.03,4.03,3.96,29241695,117811884
2018/10/25,3.87,3.76,3.9,3.67,36481830,138051494.5
2018/10/26,3.7,3.83,3.89,3.62,29609497,110976407.6
2018/10/29,3.69,3.6,3.82,3.52,18633300,68157747.14
2018/10/30,3.57,3.73,3.9,3.41,23596317,87152357.09
2018/10/31,3.69,3.93,3.95,3.67,23453147,90023747.42
2018/11/1,3.91,4.04,4.19,3.82,27305965,108790403.6
2018/11/2,4.08,4.31,4.36,4.05,26506088,111232041.2
2018/11/5,4.74,4.74,4.74,4.61,22493967,106556052.6
2018/11/6,4.89,5.21,5.21,4.82,31502884,160451642.1
2018/11/7,5.73,5.73,5.73,5.73,11636900,66679437
2018/11/8,6.3,6.3,6.3,6.03,30110240,188934525.9
2018/11/9,6.75,6.93,6.93,6.62,17819541,121588814.7
2018/11/12,7.62,7.62,7.62,7.52,19991698,152321198.8
2018/11/13,8.38,8.38,8.38,8.38,2633082,22065227.16
2018/11/14,9.22,7.65,9.22,7.54,120712487,988206424.2
2018/11/15,7.31,7.28,7.57,7.1,71047494,520185667.7
2018/11/16,7.11,7.4,7.55,7.11,75251908,551887100.6
2018/11/19,7.4,7.79,8.14,7.28,92362980,720560259.9
2018/11/20,7.7,7.01,7.7,7.01,70501792,503316030.4
2018/11/21,6.95,7.06,7.22,6.41,55059902,381448463.2
2018/11/22,6.89,7.32,7.77,6.81,69012327,508079230
2018/11/23,6.8,7.45,8.04,6.8,80254078,605409853.6
2018/11/26,7.64,8.2,8.2,7.27,73264105,570840318.9
2018/11/27,8.6,9.02,9.02,8.12,94156953,823412654.3
2018/11/28,8.65,8.12,8.82,8.12,41130852,344825854.1
2018/11/29,7.77,8.27,8.93,7.67,83494849,698950944.6
2018/11/30,8.6,7.44,8.72,7.44,74212411,573556778.3
2018/12/3,7.23,7.4,7.86,7.12,63349870,476131869.6
2018/12/4,7.42,7.46,7.67,7.13,54560756,405473682
2018/12/5,6.86,6.72,7.1,6.71,53399056,366658547.5
2018/12/6,6.82,6.69,6.94,6.57,32289630,218235435.5
2018/12/7,6.72,6.4,6.76,6.27,34216783,220203156.1
2018/12/10,6.45,6.28,6.49,6.17,24728005,157197370.1
2018/12/11,6.33,6.42,6.54,6.26,27726185,177994134.5
2018/12/12,6.44,6.35,6.49,6.25,24030925,152809318.1
2018/12/13,6.34,6.24,6.39,6.24,20336300,128210473
2018/12/14,6.27,6.04,6.37,5.97,25198011,156508754.6
2018/12/17,6.17,6.22,6.29,6.06,22317811,138156635.7
2018/12/18,6.14,6.21,6.26,6.06,21241900,130985384.7
2018/12/19,6.19,6.75,6.83,6.08,60656765,399725730.3
2018/12/20,6.5,6.69,7.02,6.45,57346147,388903734.2
2018/12/21,6.68,7.03,7.22,6.56,53865771,375887033.9
2018/12/24,6.87,7.42,7.67,6.73,53980452,389471083.7
2018/12/25,7.3,7.53,7.64,7.1,50864520,376653708.5
2018/12/26,7.41,7.5,7.74,7.29,44194776,331089260.9
2018/12/27,7.44,6.86,7.5,6.76,42521488,304966684.9
2018/12/28,6.99,7.55,7.55,6.99,54444152,404607689.6
2019/1/2,7.7,7.88,8.11,7.43,67583854,527886338.6
2019/1/3,7.76,7.51,7.88,7.27,49542190,376379072.6
2019/1/4,7.44,7.51,7.81,7.36,38075400,288971103
2019/1/7,7.44,7.51,7.72,7.3,34616048,261191529.8
2019/1/8,7.44,8.26,8.26,7.32,56086002,440000536.6
2019/1/9,8.35,8.91,9.09,7.95,85461917,735004032.1
2019/1/10,8.6,8.38,8.98,8.21,59379183,510966495.8
2019/1/11,8.28,8.42,8.6,8.14,37737920,315979350.6
2019/1/14,8.29,8.84,9.26,8.29,76788030,692943210.9
2019/1/15,8.65,8.4,8.65,7.96,53931995,446688683.8
2019/1/16,8.39,8.41,8.68,8.21,38077752,321605928.4
2019/1/17,8.35,8.79,9.18,8.35,57208050,506166642
2019/1/18,8.98,8.3,9.08,8,48743167,416575318.8
2019/1/21,8.05,8.25,8.35,8.02,26395108,216312107.1
2019/1/22,8.39,8.33,8.52,8.05,26355073,218677869.5
2019/1/23,8.23,7.91,8.35,7.88,27852148,223885245.8
2019/1/24,7.91,7.79,8.07,7.62,26023746,203250985.4
2019/1/25,7.8,7.44,7.84,7.41,20868745,158381955.9
2019/1/28,7.52,7.47,7.57,7.26,16067500,119870619
2019/1/29,7.54,7.03,7.54,6.93,23119821,165622222.2
2019/1/30,7.02,7.51,7.7,6.95,31322876,229013506.7
2019/1/31,7.49,7,7.58,7,24761349,180462334.9
2019/2/1,7.09,7.36,7.58,7.05,16876700,124298899
2019/2/11,7.45,7.61,7.71,7.4,18173320,137487512.6
2019/2/12,7.61,7.85,8.09,7.46,33501740,259321329
2019/2/13,7.75,7.77,7.87,7.6,28779468,222511524
2019/2/14,7.7,7.87,8.19,7.61,32367053,257881889.9
2019/2/15,7.77,7.64,7.85,7.61,24290042,187549316.8
2019/2/18,7.7,7.87,7.93,7.61,26932131,209681057.3
2019/2/19,7.86,8.35,8.58,7.83,52666060,430401802.7
2019/2/20,8.2,8.15,8.22,8.08,29341605,238974023.1
2019/2/21,8.15,8.22,8.66,8.1,46047625,384855046.3
2019/2/22,8.06,9.04,9.04,8,44102760,384341547.2
2019/2/25,9.9,9.94,9.94,9.48,66608771,652992532.9
2019/2/26,10.39,9.9,10.93,9.8,96327486,988022382.3
2019/2/27,10.2,10.85,10.87,9.84,78065429,807127923.1
2019/2/28,10.31,9.77,10.54,9.77,63422736,639726289.1
2019/3/1,9.47,9.61,9.72,9.32,34469337,327815048.8
2019/3/4,9.76,9.83,10.18,9.41,46233326,452322303.6
2019/3/5,9.65,10.09,10.24,9.57,56187793,563562917.2
2019/3/6,10.1,10.01,10.34,9.78,50057825,499955308.7
2019/3/7,9.8,10.1,10.37,9.64,54528274,543324376.6
2019/3/8,9.5,9.09,9.79,9.09,40565746,383107073.1
2019/3/11,9.05,9.29,9.35,8.88,29997360,274323747.6
2019/3/12,9.29,9.65,9.84,9.22,40575995,386685490
2019/3/13,9.59,9.71,10.17,9.25,52132759,512775960.5
2019/3/14,9.42,8.95,9.58,8.74,36924540,333875979.6
2019/3/15,8.6,8.69,9.09,8.37,32057723,279657375.7
2019/3/18,8.72,8.72,8.79,8.47,20487029,177339366.3
2019/3/19,8.69,8.8,9.08,8.64,22561709,199941389.2
2019/3/20,8.87,9,9.06,8.78,22245855,198946284
2019/3/21,9,9.13,9.4,8.85,31647021,289640460.9
2019/3/22,9.05,9.65,10,9.02,52212204,500310004.5
2019/3/25,9.3,9.2,9.5,9.2,30015551,279529467.6
2019/3/26,9.19,9.29,9.59,9.15,25098765,235349075.7
2019/3/27,9.44,8.73,9.5,8.4,28980381,255017138.9
